date,bom,hut,net
2025-06-20,0.0,-1624.0,-1624.0
2025-06-23,0.0,-1796.0,-1796.0
2025-06-24,1509.0,-4823.0,-3314.0
2025-06-25,7875.0,-13055.0,-5180.0
2025-06-26,20442.0,-10336.0,10106.0
2025-06-27,40365.0,-323.0,40042.0
2025-06-30,52904.0,0.0,52904.0
2025-07-01,7301.0,-4778.0,2523.0
2025-07-02,10000.0,-8378.0,1622.0
2025-07-03,9596.0,-29642.0,-20046.0
2025-07-04,5123.0,-32735.0,-27612.0
2025-07-07,9000.0,-38055.0,-29055.0
2025-07-08,16510.0,-13043.0,3467.0
2025-07-09,18933.0,-5410.0,13523.0
2025-07-10,24410.0,-5196.0,19214.0
2025-07-11,19644.0,-21400.0,-1756.0
2025-07-14,22160.0,-33020.0,-10860.0
2025-07-15,40978.0,-16000.0,24978.0
2025-07-16,35000.0,-21995.0,13005.0
2025-07-17,29776.0,-14756.0,15020.0
2025-07-18,27716.0,-11444.0,16272.0
2025-07-21,25364.0,-17160.0,8204.0
2025-07-22,36918.0,-31067.0,5851.0
2025-07-23,39714.0,-30000.0,9714.0
2025-07-24,47176.0,-24678.0,22498.0
2025-07-25,31529.0,-7940.0,23589.0
2025-07-28,18378.0,-3819.0,14559.0
2025-07-29,10149.0,-13053.0,-2904.0
2025-07-30,1494.0,-10549.0,-9055.0
2025-07-31,7835.0,-14432.0,-6597.0
2025-08-01,30976.0,-28746.0,2230.0
2025-08-04,25579.0,-18854.0,6725.0
2025-08-05,19997.0,-22865.0,-2868.0
2025-08-06,28523.0,-26706.0,1817.0
2025-08-07,26112.0,-30539.0,-4427.0
2025-08-08,25270.0,-19161.0,6109.0
2025-08-11,26476.0,-21855.0,4621.0
2025-08-12,8765.0,-15782.0,-7017.0
2025-08-13,877.0,-6191.0,-5314.0
2025-08-14,5041.0,-10236.0,-5195.0
2025-08-15,18317.0,-25831.0,-7514.0
2025-08-18,5120.0,-13726.0,-8606.0
2025-08-19,11048.0,-12807.0,-1759.0
2025-08-20,5912.0,-14234.0,-8322.0
2025-08-21,28070.0,-27696.0,374.0
2025-08-22,53295.0,-32089.0,21206.0
2025-08-25,32615.0,-17152.0,15463.0
2025-08-26,3780.0,-12119.0,-8339.0
2025-08-27,0.0,-3694.0,-3694.0
2025-08-28,0.0,-8516.0,-8516.0
2025-08-29,5157.0,-17341.0,-12184.0
2025-09-03,28328.0,-11085.0,17243.0
2025-09-04,14101.0,-19523.0,-5422.0
2025-09-05,7000.0,-31394.0,-24394.0
2025-09-08,36076.0,-35597.0,479.0
2025-09-09,6000.0,-340.0,5660.0
2025-09-10,3985.0,-21418.0,-17433.0
2025-09-11,4094.0,-2062.0,2032.0
2025-09-12,13848.0,-6789.0,7059.0
2025-09-15,18435.0,-14805.0,3630.0
2025-09-16,17954.0,-3452.0,14502.0
2025-09-17,8003.0,-6700.0,1303.0
2025-09-18,4367.0,-11499.0,-7132.0
2025-09-19,3340.0,-24839.0,-21499.0
2025-09-22,3998.0,-21883.0,-17885.0
2025-09-23,12000.0,-12289.0,-289.0
2025-09-24,19000.0,-6720.0,12280.0
2025-09-25,27813.0,-2893.0,24920.0
2025-09-26,17000.0,-6715.0,10285.0
2025-09-29,13999.0,-9828.0,4171.0
2025-09-30,17963.0,-5954.0,12009.0
2025-10-01,10238.0,-12443.0,-2205.0
2025-10-02,6658.0,-17076.0,-10418.0
2025-10-03,124.0,-10554.0,-10430.0
2025-10-06,7000.0,-18000.0,-11000.0
2025-10-07,17000.0,-15510.0,1490.0
2025-10-08,13000.0,-13933.0,-933.0
2025-10-09,12046.0,-16781.0,-4735.0
2025-10-10,255.0,-5000.0,-4745.0
2025-10-13,10000.0,-9435.0,565.0
2025-10-14,7000.0,-22911.0,-15911.0
2025-10-15,13000.0,-6703.0,6297.0
2025-10-16,20000.0,-7479.0,12521.0
2025-10-17,10000.0,-4898.0,5102.0
2025-10-20,6999.0,-3999.0,3000.0
2025-10-21,20000.0,-11000.0,9000.0
2025-10-22,55000.0,-9000.0,46000.0
2025-10-23,15000.0,-11147.0,3853.0
2025-10-24,22000.0,-11000.0,11000.0
2025-10-27,17529.0,-10000.0,7529.0
2025-10-28,16000.0,-9299.0,6701.0
2025-10-29,433.0,-6412.0,-5979.0
2025-10-30,1999.0,-6000.0,-4001.0
2025-10-31,2548.0,-5944.0,-3396.0
2025-11-03,0.0,-5000.0,-5000.0
2025-11-04,21000.0,-17000.0,4000.0
2025-11-05,38912.0,-30057.0,8855.0
2025-11-06,23979.0,-10879.0,13100.0
2025-11-07,17776.0,-9257.0,8519.0
2025-11-10,17776.0,-8000.0,9776.0
2025-11-11,21634.0,-10000.0,11634.0
2025-11-12,6778.0,-7634.0,-856.0
2025-11-13,9560.0,-14537.0,-4977.0
2025-11-14,3680.0,-8875.0,-5195.0
2025-11-17,10951.0,-7875.0,3076.0
2025-11-18,5493.0,-23844.0,-18351.0
2025-11-19,4000.0,-24077.0,-20077.0
2025-11-20,8000.0,-13277.0,-5277.0
2025-11-21,33000.0,-12757.0,20243.0
2025-11-24,50358.0,-19633.0,30725.0
2025-11-25,42818.0,-8745.0,34073.0
2025-11-26,5240.0,-3474.0,1766.0
2025-11-27,10314.0,-3120.0,7194.0
2025-11-28,11874.0,-11729.0,145.0
2025-12-01,37709.0,-12632.0,25077.0
2025-12-02,28147.0,-11495.0,16652.0
2025-12-03,17814.0,-18913.0,-1099.0
2025-12-04,17488.0,-14277.0,3211.0
2025-12-05,14602.0,-10126.0,4476.0
2025-12-08,18316.0,-23688.0,-5372.0
2025-12-09,21866.0,-21921.0,-55.0
2025-12-10,4487.0,-5736.0,-1249.0
2025-12-11,23222.0,-7380.0,15842.0
2025-12-12,11899.0,-11823.0,76.0
2025-12-15,10712.0,-14510.0,-3798.0
2025-12-16,4311.0,-11750.0,-7439.0
2025-12-17,0.0,-6897.0,-6897.0
2025-12-18,10000.0,-15739.0,-5739.0
2025-12-19,36006.0,-15632.0,20374.0
2025-12-22,19298.0,-23030.0,-3732.0
2025-12-23,19159.0,-21776.0,-2617.0
2025-12-24,23616.0,-1240.0,22376.0
2025-12-25,1083.0,-2324.0,-1241.0
2025-12-26,1948.0,-10606.0,-8658.0
2025-12-29,9967.0,-9511.0,456.0
2025-12-30,11799.0,-5963.0,5836.0
2025-12-31,26351.0,-5000.0,21351.0
2026-01-05,33151.0,-16483.0,16668.0
2026-01-06,10481.0,-20287.0,-9806.0
2026-01-07,3000.0,-38150.0,-35150.0
2026-01-08,2048.0,-8923.0,-6875.0
2026-01-09,0.0,-5005.0,-5005.0
2026-01-12,3310.0,-19753.0,-16443.0
2026-01-13,3107.0,-7202.0,-4095.0
2026-01-14,4000.0,-2610.0,1390.0
2026-01-15,4000.0,-8000.0,-4000.0
2026-01-16,2000.0,-8750.0,-6750.0
2026-01-19,2000.0,-19719.0,-17719.0
2026-01-20,1771.0,-10313.0,-8542.0
2026-01-21,1820.0,-19193.0,-17373.0
2026-01-22,1000.0,-2891.0,-1891.0
2026-01-23,11000.0,-6000.0,5000.0
2026-01-26,24000.0,-7529.0,16471.0
2026-01-27,20000.0,-8222.0,11778.0
2026-01-28,10000.0,-4460.0,5540.0
2026-01-29,2000.0,-1000.0,1000.0
2026-01-30,16000.0,-4448.0,11552.0
2026-02-02,80363.0,-20000.0,60363.0
2026-02-03,80927.0,-15875.0,65052.0
2026-02-04,25716.0,-17000.0,8716.0
2026-02-05,12421.0,-5764.0,6657.0
2026-02-06,30363.0,-7000.0,23363.0
2026-02-09,20209.0,-12965.0,7244.0
2026-02-10,27842.0,-40731.0,-12889.0
2026-02-11,7941.0,-3696.0,4245.0
2026-02-12,2000.0,-4074.0,-2074.0
2026-02-13,11688.0,-7333.0,4355.0
2026-02-23,3774.0,-13349.0,-9575.0
2026-02-24,1000.0,-30888.0,-29888.0
2026-02-25,1000.0,-10792.0,-9792.0
2026-02-26,1000.0,-11459.0,-10459.0
2026-02-27,3000.0,-20955.0,-17955.0
2026-03-02,82641.0,-47869.0,34772.0
2026-03-03,50179.0,-41573.0,8606.0
2026-03-04,25536.0,-33860.0,-8324.0
2026-03-05,3921.0,-11279.0,-7358.0
2026-03-06,8000.0,-31514.0,-23514.0
2026-03-09,16000.0,-52259.0,-36259.0
2026-03-10,17000.0,-45100.0,-28100.0
2026-03-11,5000.0,-13424.0,-8424.0
2026-03-12,4000.0,-8672.0,-4672.0
2026-03-13,3000.0,-7023.0,-4023.0
2026-03-16,2979.0,-42465.0,-39486.0
2026-03-17,3000.0,-22073.0,-19073.0
2026-03-18,3000.0,-9052.0,-6052.0
2026-03-19,3000.0,-8000.0,-5000.0
2026-03-20,3000.0,-17725.0,-14725.0
2026-03-23,16000.0,-41907.0,-25907.0
2026-03-24,58000.0,-32019.0,25981.0
2026-03-25,19000.0,-14447.0,4553.0
2026-03-26,3000.0,-4004.0,-1004.0
2026-03-27,10000.0,-12000.0,-2000.0
2026-03-30,90000.0,-58967.0,31033.0
2026-03-31,65000.0,-50614.0,14386.0
2026-04-01,65000.0,-20170.0,44830.0
2026-04-02,32782.0,-7360.0,25422.0
2026-04-03,3000.0,-8517.0,-5517.0
2026-04-06,30369.0,-44757.0,-14388.0
2026-04-07,5000.0,-50478.0,-45478.0
2026-04-08,4000.0,-33000.0,-29000.0
2026-04-09,6000.0,-3393.0,2607.0
2026-04-10,25000.0,-5000.0,20000.0
2026-04-13,33702.0,-41345.0,-7643.0
2026-04-14,11000.0,-32000.0,-21000.0
2026-04-15,5000.0,-32000.0,-27000.0
2026-04-16,4080.0,-22000.0,-17920.0
2026-04-17,3077.0,-2000.0,1077.0
2026-04-20,15000.0,-9345.0,5655.0
2026-04-21,35000.0,-2000.0,33000.0
2026-04-22,30970.0,-2000.0,28970.0
2026-04-23,18165.0,-1080.0,17085.0
2026-04-24,10000.0,-5077.0,4923.0
2026-04-28,4000.0,-5000.0,-1000.0
2026-04-29,9000.0,-4091.0,4909.0
2026-05-04,17000.0,-6000.0,11000.0
2026-05-05,17000.0,-8000.0,9000.0
2026-05-06,3000.0,-6000.0,-3000.0
2026-05-07,3000.0,-9169.0,-6169.0
2026-05-08,3000.0,-8000.0,-5000.0
2026-05-11,6000.0,-15873.0,-9873.0
2026-05-12,10000.0,-3000.0,7000.0
2026-05-13,8000.0,-4000.0,4000.0
2026-05-14,5000.0,-4000.0,1000.0
2026-05-15,4000.0,-12000.0,-8000.0
2026-05-18,4000.0,-22000.0,-18000.0
2026-05-19,9000.0,-15000.0,-6000.0
2026-05-20,8000.0,-7000.0,1000.0
2026-05-21,10000.0,-5000.0,5000.0
2026-05-22,14000.0,-4000.0,10000.0
2026-05-25,24552.0,-20000.0,4552.0
2026-05-26,37646.0,-29000.0,8646.0
2026-05-27,33000.0,-23970.0,9030.0
2026-05-28,19160.0,-16778.0,2382.0
2026-05-29,15123.0,-9000.0,6123.0
2026-06-01,35003.0,-21383.0,13620.0
2026-06-02,6026.0,-24646.0,-18620.0
2026-06-03,6629.0,-10000.0,-3371.0
2026-06-04,3000.0,-13000.0,-10000.0
2026-06-05,12000.0,-20000.0,-8000.0
2026-06-08,33200.0,-35218.0,-2018.0
2026-06-09,2821.0,-10996.0,-8175.0
2026-06-10,2938.0,-7629.0,-4691.0
2026-06-11,2934.0,-5000.0,-2066.0
2026-06-12,1217.0,-10000.0,-8783.0
2026-06-15,2000.0,-24122.0,-22122.0
2026-06-16,4000.0,-22000.0,-18000.0
2026-06-17,8000.0,-17938.0,-9938.0
2026-06-18,8000.0,-12000.0,-4000.0
2026-06-19,5544.0,-6000.0,-456.0
2026-06-22,15000.0,-2000.0,13000.0
2026-06-23,7628.0,-6000.0,1628.0
2026-06-24,1973.0,-8000.0,-6027.0
2026-06-25,1913.0,-4000.0,-2087.0
2026-06-26,4448.0,-7000.0,-2552.0
2026-06-29,18200.0,-17000.0,1200.0
2026-06-30,31551.0,-17000.0,14551.0
2026-07-01,7000.0,-14000.0,-7000.0
2026-07-02,11973.0,-6506.0,5467.0
2026-07-03,354.0,-5024.0,-4670.0
2026-07-06,6417.0,-10597.0,-4180.0
2026-07-07,5000.0,-20964.0,-15964.0
2026-07-08,562.0,-5000.0,-4438.0
2026-07-09,479.0,-7000.0,-6521.0
2026-07-10,724.0,-4000.0,-3276.0
2026-07-13,1999.0,-13729.0,-11730.0
2026-07-14,1340.0,-4821.0,-3481.0
2026-07-15,2000.0,-4562.0,-2562.0
2026-07-16,1785.0,-3934.0,-2149.0
2026-07-17,966.0,-2304.0,-1338.0
2026-07-20,430.0,-5000.0,-4570.0
2026-07-21,3188.0,-9000.0,-5812.0
2026-07-22,4898.0,-18000.0,-13102.0
2026-07-23,2993.0,-6653.0,-3660.0
2026-07-24,2435.0,-1643.0,792.0
