date,series_key,value
2017-08-24,vnindex,769.77
2017-08-25,vnindex,771.63
2017-08-28,vnindex,777.26
2017-08-29,vnindex,774.03
2017-08-30,vnindex,778.65
2017-08-31,vnindex,782.76
2017-09-01,vnindex,788.73
2017-09-05,vnindex,792.31
2017-09-06,vnindex,793.55
2017-09-07,vnindex,796.72
2017-09-08,vnindex,801.2
2017-09-11,vnindex,797.47
2017-09-12,vnindex,799.94
2017-09-13,vnindex,802.78
2017-09-14,vnindex,806.32
2017-09-15,vnindex,805.82
2017-09-18,vnindex,807.87
2017-09-19,vnindex,805.93
2017-09-20,vnindex,805.86
2017-09-21,vnindex,803.93
2017-09-22,vnindex,807.13
2017-09-25,vnindex,805.58
2017-09-26,vnindex,805.35
2017-09-27,vnindex,803.77
2017-09-28,vnindex,804.82
2017-09-29,vnindex,804.42
2017-10-02,vnindex,802.23
2017-10-03,vnindex,798.0
2017-10-04,vnindex,805.66
2017-10-05,vnindex,805.23
2017-10-06,vnindex,807.8
2017-10-09,vnindex,808.96
2017-10-10,vnindex,810.65
2017-10-11,vnindex,813.95
2017-10-12,vnindex,815.87
2017-10-13,vnindex,820.95
2017-10-16,vnindex,819.43
2017-10-17,vnindex,828.29
2017-10-18,vnindex,827.72
2017-10-19,vnindex,828.93
2017-10-20,vnindex,826.84
2017-10-23,vnindex,820.04
2017-10-24,vnindex,825.24
2017-10-25,vnindex,830.69
2017-10-26,vnindex,830.11
2017-10-27,vnindex,840.37
2017-10-30,vnindex,845.2
2017-10-31,vnindex,837.28
2017-11-01,vnindex,842.71
2017-11-02,vnindex,833.09
2017-11-03,vnindex,843.73
2017-11-06,vnindex,849.09
2017-11-07,vnindex,850.33
2017-11-08,vnindex,859.7
2017-11-09,vnindex,860.4
2017-11-10,vnindex,868.21
2017-11-13,vnindex,879.34
2017-11-14,vnindex,880.9
2017-11-15,vnindex,882.59
2017-11-16,vnindex,892.8
2017-11-17,vnindex,890.69
2017-11-20,vnindex,903.55
2017-11-21,vnindex,918.3
2017-11-22,vnindex,932.66
2017-11-23,vnindex,933.7
2017-11-24,vnindex,935.57
2017-11-27,vnindex,938.61
2017-11-28,vnindex,941.21
2017-11-29,vnindex,952.14
2017-11-30,vnindex,949.93
2017-12-01,vnindex,960.33
2017-12-04,vnindex,970.02
2017-12-05,vnindex,953.3
2017-12-06,vnindex,947.64
2017-12-07,vnindex,938.65
2017-12-08,vnindex,940.16
2017-12-11,vnindex,917.45
2017-12-12,vnindex,927.25
2017-12-13,vnindex,924.4
2017-12-14,vnindex,935.85
2017-12-15,vnindex,935.16
2017-12-18,vnindex,958.06
2017-12-19,vnindex,951.42
2017-12-20,vnindex,953.51
2017-12-21,vnindex,946.06
2017-12-22,vnindex,952.32
2017-12-25,vnindex,958.31
2017-12-26,vnindex,965.93
2017-12-27,vnindex,968.46
2017-12-28,vnindex,976.72
2017-12-29,vnindex,984.24
2018-01-02,vnindex,995.77
2018-01-03,vnindex,1005.67
2018-01-04,vnindex,1019.75
2018-01-05,vnindex,1012.65
2018-01-08,vnindex,1022.9
2018-01-09,vnindex,1033.56
2018-01-10,vnindex,1038.11
2018-01-11,vnindex,1048.17
2018-01-12,vnindex,1050.11
2018-01-15,vnindex,1063.47
2018-01-16,vnindex,1062.96
2018-01-17,vnindex,1034.69
2018-01-18,vnindex,1050.25
2018-01-19,vnindex,1062.07
2018-01-22,vnindex,1087.42
2018-01-25,vnindex,1104.57
2018-01-26,vnindex,1115.64
2018-01-29,vnindex,1109.8
2018-01-30,vnindex,1110.56
2018-01-31,vnindex,1110.36
2018-02-01,vnindex,1099.67
2018-02-02,vnindex,1105.04
2018-02-05,vnindex,1048.71
2018-02-06,vnindex,1011.6
2018-02-07,vnindex,1040.55
2018-02-08,vnindex,1023.25
2018-02-09,vnindex,1003.94
2018-02-12,vnindex,1041.79
2018-02-13,vnindex,1059.73
2018-02-21,vnindex,1087.15
2018-02-22,vnindex,1076.03
2018-02-23,vnindex,1102.85
2018-02-26,vnindex,1114.53
2018-02-27,vnindex,1119.61
2018-02-28,vnindex,1121.54
2018-03-01,vnindex,1115.79
2018-03-02,vnindex,1121.21
2018-03-05,vnindex,1093.48
2018-03-06,vnindex,1120.29
2018-03-07,vnindex,1112.26
2018-03-08,vnindex,1124.15
2018-03-09,vnindex,1123.41
2018-03-12,vnindex,1126.29
2018-03-13,vnindex,1133.31
2018-03-14,vnindex,1138.09
2018-03-15,vnindex,1138.76
2018-03-16,vnindex,1150.19
2018-03-19,vnindex,1159.22
2018-03-20,vnindex,1159.39
2018-03-21,vnindex,1169.36
2018-03-22,vnindex,1172.36
2018-03-23,vnindex,1153.59
2018-03-26,vnindex,1171.22
2018-03-27,vnindex,1171.73
2018-03-28,vnindex,1172.24
2018-03-29,vnindex,1167.03
2018-03-30,vnindex,1174.46
2018-04-02,vnindex,1196.61
2018-04-03,vnindex,1188.29
2018-04-04,vnindex,1191.54
2018-04-05,vnindex,1193.17
2018-04-06,vnindex,1199.96
2018-04-09,vnindex,1204.33
2018-04-10,vnindex,1198.12
2018-04-11,vnindex,1167.11
2018-04-12,vnindex,1173.02
2018-04-13,vnindex,1157.14
2018-04-16,vnindex,1148.49
2018-04-17,vnindex,1153.28
2018-04-18,vnindex,1138.53
2018-04-19,vnindex,1094.63
2018-04-20,vnindex,1119.86
2018-04-23,vnindex,1076.78
2018-04-24,vnindex,1080.74
2018-04-26,vnindex,1044.86
2018-04-27,vnindex,1050.26
2018-05-02,vnindex,1029.08
2018-05-03,vnindex,1026.46
2018-05-04,vnindex,1026.8
2018-05-07,vnindex,1062.26
2018-05-08,vnindex,1060.45
2018-05-09,vnindex,1056.97
2018-05-10,vnindex,1028.87
2018-05-11,vnindex,1044.85
2018-05-14,vnindex,1066.98
2018-05-15,vnindex,1073.5
2018-05-16,vnindex,1054.62
2018-05-17,vnindex,1030.64
2018-05-18,vnindex,1040.54
2018-05-21,vnindex,1014.98
2018-05-22,vnindex,985.91
2018-05-23,vnindex,988.94
2018-05-24,vnindex,985.92
2018-05-25,vnindex,963.9
2018-05-28,vnindex,931.75
2018-05-29,vnindex,952.18
2018-05-30,vnindex,948.5
2018-05-31,vnindex,971.25
2018-06-01,vnindex,992.87
2018-06-04,vnindex,1013.78
2018-06-05,vnindex,1022.74
2018-06-06,vnindex,1034.5
2018-06-07,vnindex,1036.69
2018-06-08,vnindex,1039.01
2018-06-11,vnindex,1039.02
2018-06-12,vnindex,1020.76
2018-06-13,vnindex,1030.53
2018-06-14,vnindex,1015.72
2018-06-15,vnindex,1016.51
2018-06-18,vnindex,987.34
2018-06-19,vnindex,962.16
2018-06-20,vnindex,980.95
2018-06-21,vnindex,969.4
2018-06-22,vnindex,983.17
2018-06-25,vnindex,990.52
2018-06-26,vnindex,983.02
2018-06-27,vnindex,968.91
2018-06-28,vnindex,957.35
2018-06-29,vnindex,960.78
2018-07-02,vnindex,947.15
2018-07-03,vnindex,906.01
2018-07-04,vnindex,914.99
2018-07-05,vnindex,899.4
2018-07-06,vnindex,917.51
2018-07-09,vnindex,915.12
2018-07-10,vnindex,911.12
2018-07-11,vnindex,893.16
2018-07-12,vnindex,898.51
2018-07-13,vnindex,909.72
2018-07-16,vnindex,911.11
2018-07-17,vnindex,921.27
2018-07-18,vnindex,942.39
2018-07-19,vnindex,943.97
2018-07-20,vnindex,933.39
2018-07-23,vnindex,936.74
2018-07-24,vnindex,934.08
2018-07-25,vnindex,927.58
2018-07-26,vnindex,930.16
2018-07-27,vnindex,935.52
2018-07-30,vnindex,949.73
2018-07-31,vnindex,956.39
2018-08-01,vnindex,952.77
2018-08-02,vnindex,953.55
2018-08-03,vnindex,959.6
2018-08-06,vnindex,960.23
2018-08-07,vnindex,956.79
2018-08-08,vnindex,966.27
2018-08-09,vnindex,963.5
2018-08-10,vnindex,968.47
2018-08-13,vnindex,978.04
2018-08-14,vnindex,978.27
2018-08-15,vnindex,961.37
2018-08-16,vnindex,964.28
2018-08-17,vnindex,968.88
2018-08-20,vnindex,969.62
2018-08-21,vnindex,979.21
2018-08-22,vnindex,982.15
2018-08-23,vnindex,987.36
2018-08-24,vnindex,987.05
2018-08-27,vnindex,991.92
2018-08-28,vnindex,995.19
2018-08-29,vnindex,988.17
2018-08-30,vnindex,998.07
2018-08-31,vnindex,989.54
2018-09-04,vnindex,975.94
2018-09-05,vnindex,968.44
2018-09-06,vnindex,958.19
2018-09-07,vnindex,968.9
2018-09-10,vnindex,970.34
2018-09-11,vnindex,985.06
2018-09-12,vnindex,987.01
2018-09-13,vnindex,987.95
2018-09-14,vnindex,991.34
2018-09-17,vnindex,987.61
2018-09-18,vnindex,993.49
2018-09-19,vnindex,995.54
2018-09-20,vnindex,1004.74
2018-09-21,vnindex,1002.97
2018-09-24,vnindex,1011.29
2018-09-25,vnindex,1010.74
2018-09-26,vnindex,1009.61
2018-09-27,vnindex,1015.37
2018-09-28,vnindex,1017.13
2018-10-01,vnindex,1012.88
2018-10-02,vnindex,1018.79
2018-10-03,vnindex,1020.4
2018-10-04,vnindex,1023.62
2018-10-05,vnindex,1008.39
2018-10-08,vnindex,996.12
2018-10-09,vnindex,996.19
2018-10-10,vnindex,993.96
2018-10-11,vnindex,945.89
2018-10-12,vnindex,970.08
2018-10-15,vnindex,951.64
2018-10-16,vnindex,963.37
2018-10-17,vnindex,971.6
2018-10-18,vnindex,963.47
2018-10-19,vnindex,958.36
2018-10-22,vnindex,953.51
2018-10-23,vnindex,939.68
2018-10-24,vnindex,922.73
2018-10-25,vnindex,910.17
2018-10-26,vnindex,900.82
2018-10-29,vnindex,888.82
2018-10-30,vnindex,888.69
2018-10-31,vnindex,914.76
2018-11-01,vnindex,907.96
2018-11-02,vnindex,924.86
2018-11-05,vnindex,925.53
2018-11-06,vnindex,922.05
2018-11-07,vnindex,922.16
2018-11-08,vnindex,926.28
2018-11-09,vnindex,914.29
2018-11-12,vnindex,918.12
2018-11-13,vnindex,905.38
2018-11-14,vnindex,900.93
2018-11-15,vnindex,897.15
2018-11-16,vnindex,898.19
2018-11-19,vnindex,916.06
2018-11-20,vnindex,919.02
2018-11-21,vnindex,922.56
2018-11-22,vnindex,924.42
2018-11-23,vnindex,917.97
2018-11-26,vnindex,921.03
2018-11-27,vnindex,923.12
2018-11-28,vnindex,930.2
2018-11-29,vnindex,926.79
2018-11-30,vnindex,926.54
2018-12-03,vnindex,951.59
2018-12-04,vnindex,958.84
2018-12-05,vnindex,957.14
2018-12-06,vnindex,954.82
2018-12-07,vnindex,958.59
2018-12-10,vnindex,955.89
2018-12-11,vnindex,954.58
2018-12-12,vnindex,961.28
2018-12-13,vnindex,960.25
2018-12-14,vnindex,952.04
2018-12-17,vnindex,933.65
2018-12-18,vnindex,927.25
2018-12-19,vnindex,919.24
2018-12-20,vnindex,918.24
2018-12-21,vnindex,912.26
2018-12-24,vnindex,908.56
2018-12-25,vnindex,897.94
2018-12-26,vnindex,891.75
2018-12-27,vnindex,900.81
2018-12-28,vnindex,892.54
2019-01-02,vnindex,891.75
2019-01-03,vnindex,878.22
2019-01-04,vnindex,880.9
2019-01-07,vnindex,889.64
2019-01-08,vnindex,887.44
2019-01-09,vnindex,896.99
2019-01-10,vnindex,898.3
2019-01-11,vnindex,902.71
2019-01-14,vnindex,901.8
2019-01-15,vnindex,909.68
2019-01-16,vnindex,908.7
2019-01-17,vnindex,901.89
2019-01-18,vnindex,902.3
2019-01-21,vnindex,911.05
2019-01-22,vnindex,906.55
2019-01-23,vnindex,908.18
2019-01-24,vnindex,908.79
2019-01-25,vnindex,908.88
2019-01-28,vnindex,912.18
2019-01-29,vnindex,915.93
2019-01-30,vnindex,915.84
2019-01-31,vnindex,910.65
2019-02-01,vnindex,908.67
2019-02-11,vnindex,926.1
2019-02-12,vnindex,937.54
2019-02-13,vnindex,945.25
2019-02-14,vnindex,952.34
2019-02-15,vnindex,950.89
2019-02-18,vnindex,961.3
2019-02-19,vnindex,964.35
2019-02-20,vnindex,970.58
2019-02-21,vnindex,987.57
2019-02-22,vnindex,988.91
2019-02-25,vnindex,994.43
2019-02-26,vnindex,987.06
2019-02-27,vnindex,990.27
2019-02-28,vnindex,965.47
2019-03-01,vnindex,979.63
2019-03-04,vnindex,993.99
2019-03-05,vnindex,992.45
2019-03-06,vnindex,994.49
2019-03-07,vnindex,994.03
2019-03-08,vnindex,985.25
2019-03-11,vnindex,984.6
2019-03-12,vnindex,1001.32
2019-03-13,vnindex,1005.41
2019-03-14,vnindex,1008.44
2019-03-15,vnindex,1004.12
2019-03-18,vnindex,1011.86
2019-03-19,vnindex,1006.59
2019-03-20,vnindex,1002.3
2019-03-21,vnindex,981.78
2019-03-22,vnindex,988.71
2019-03-25,vnindex,970.07
2019-03-26,vnindex,969.79
2019-03-27,vnindex,975.91
2019-03-28,vnindex,982.98
2019-03-29,vnindex,980.76
2019-04-01,vnindex,988.53
2019-04-02,vnindex,985.81
2019-04-03,vnindex,984.46
2019-04-04,vnindex,986.91
2019-04-05,vnindex,989.26
2019-04-08,vnindex,997.56
2019-04-09,vnindex,988.48
2019-04-10,vnindex,981.91
2019-04-11,vnindex,985.95
2019-04-12,vnindex,982.9
2019-04-16,vnindex,977.17
2019-04-17,vnindex,972.1
2019-04-18,vnindex,962.3
2019-04-19,vnindex,966.21
2019-04-22,vnindex,965.86
2019-04-23,vnindex,968.0
2019-04-24,vnindex,976.92
2019-04-25,vnindex,974.13
2019-04-26,vnindex,979.64
2019-05-02,vnindex,978.5
2019-05-03,vnindex,974.14
2019-05-06,vnindex,957.97
2019-05-07,vnindex,957.56
2019-05-08,vnindex,951.22
2019-05-09,vnindex,947.01
2019-05-10,vnindex,952.55
2019-05-13,vnindex,958.54
2019-05-14,vnindex,965.34
2019-05-15,vnindex,975.64
2019-05-16,vnindex,975.69
2019-05-17,vnindex,976.48
2019-05-20,vnindex,987.13
2019-05-21,vnindex,986.29
2019-05-22,vnindex,983.78
2019-05-23,vnindex,982.71
2019-05-24,vnindex,970.03
2019-05-27,vnindex,975.14
2019-05-28,vnindex,972.0
2019-05-29,vnindex,971.54
2019-05-30,vnindex,969.34
2019-05-31,vnindex,959.88
2019-06-03,vnindex,946.47
2019-06-04,vnindex,951.16
2019-06-05,vnindex,951.41
2019-06-06,vnindex,948.21
2019-06-07,vnindex,958.28
2019-06-10,vnindex,962.9
2019-06-11,vnindex,962.07
2019-06-12,vnindex,954.17
2019-06-13,vnindex,950.08
2019-06-14,vnindex,953.61
2019-06-17,vnindex,946.95
2019-06-18,vnindex,944.01
2019-06-19,vnindex,949.69
2019-06-20,vnindex,959.18
2019-06-21,vnindex,959.2
2019-06-24,vnindex,962.85
2019-06-25,vnindex,960.13
2019-06-26,vnindex,959.13
2019-06-27,vnindex,943.11
2019-06-28,vnindex,949.94
2019-07-01,vnindex,965.61
2019-07-02,vnindex,961.98
2019-07-03,vnindex,960.39
2019-07-04,vnindex,973.04
2019-07-05,vnindex,975.34
2019-07-08,vnindex,966.35
2019-07-09,vnindex,969.05
2019-07-10,vnindex,973.65
2019-07-11,vnindex,978.63
2019-07-12,vnindex,975.4
2019-07-15,vnindex,972.53
2019-07-16,vnindex,982.11
2019-07-17,vnindex,982.57
2019-07-18,vnindex,976.05
2019-07-19,vnindex,982.34
2019-07-22,vnindex,982.04
2019-07-23,vnindex,989.46
2019-07-24,vnindex,988.41
2019-07-25,vnindex,994.95
2019-07-26,vnindex,993.35
2019-07-29,vnindex,997.94
2019-07-30,vnindex,986.02
2019-07-31,vnindex,991.66
2019-08-01,vnindex,997.39
2019-08-02,vnindex,991.1
2019-08-05,vnindex,973.15
2019-08-06,vnindex,964.61
2019-08-07,vnindex,965.93
2019-08-08,vnindex,975.24
2019-08-09,vnindex,974.34
2019-08-12,vnindex,975.31
2019-08-13,vnindex,966.83
2019-08-14,vnindex,968.91
2019-08-15,vnindex,979.38
2019-08-16,vnindex,980.0
2019-08-19,vnindex,981.03
2019-08-20,vnindex,984.67
2019-08-21,vnindex,994.38
2019-08-22,vnindex,997.26
2019-08-23,vnindex,992.45
2019-08-26,vnindex,982.88
2019-08-27,vnindex,976.79
2019-08-28,vnindex,977.26
2019-08-29,vnindex,978.59
2019-08-30,vnindex,984.06
2019-09-03,vnindex,979.36
2019-09-04,vnindex,977.63
2019-09-05,vnindex,976.79
2019-09-06,vnindex,974.08
2019-09-09,vnindex,974.12
2019-09-10,vnindex,970.26
2019-09-11,vnindex,969.31
2019-09-12,vnindex,976.07
2019-09-13,vnindex,987.22
2019-09-16,vnindex,989.86
2019-09-17,vnindex,996.74
2019-09-18,vnindex,995.15
2019-09-19,vnindex,997.1
2019-09-20,vnindex,990.36
2019-09-23,vnindex,985.75
2019-09-24,vnindex,988.13
2019-09-25,vnindex,987.3
2019-09-26,vnindex,990.75
2019-09-27,vnindex,997.84
2019-09-30,vnindex,996.56
2019-10-01,vnindex,999.59
2019-10-02,vnindex,991.19
2019-10-03,vnindex,992.45
2019-10-04,vnindex,987.59
2019-10-07,vnindex,983.09
2019-10-08,vnindex,988.22
2019-10-09,vnindex,987.83
2019-10-10,vnindex,987.38
2019-10-11,vnindex,991.84
2019-10-14,vnindex,993.57
2019-10-15,vnindex,993.05
2019-10-16,vnindex,994.46
2019-10-17,vnindex,989.82
2019-10-18,vnindex,989.2
2019-10-21,vnindex,983.56
2019-10-22,vnindex,987.19
2019-10-23,vnindex,987.79
2019-10-24,vnindex,993.6
2019-10-25,vnindex,996.57
2019-10-28,vnindex,996.48
2019-10-29,vnindex,995.87
2019-10-30,vnindex,1000.89
2019-10-31,vnindex,998.82
2019-11-01,vnindex,1015.59
2019-11-04,vnindex,1022.43
2019-11-05,vnindex,1024.34
2019-11-06,vnindex,1024.91
2019-11-07,vnindex,1024.03
2019-11-08,vnindex,1022.49
2019-11-11,vnindex,1016.75
2019-11-12,vnindex,1018.33
2019-11-13,vnindex,1012.77
2019-11-14,vnindex,1012.3
2019-11-15,vnindex,1010.03
2019-11-18,vnindex,1002.91
2019-11-19,vnindex,1008.35
2019-11-20,vnindex,1000.56
2019-11-21,vnindex,987.89
2019-11-22,vnindex,977.78
2019-11-25,vnindex,976.35
2019-11-26,vnindex,976.79
2019-11-27,vnindex,978.17
2019-11-28,vnindex,970.39
2019-11-29,vnindex,970.75
2019-12-02,vnindex,959.31
2019-12-03,vnindex,953.43
2019-12-04,vnindex,965.9
2019-12-05,vnindex,963.27
2019-12-06,vnindex,963.56
2019-12-09,vnindex,966.06
2019-12-10,vnindex,960.3
2019-12-11,vnindex,961.78
2019-12-12,vnindex,968.17
2019-12-13,vnindex,966.18
2019-12-16,vnindex,961.47
2019-12-17,vnindex,954.03
2019-12-18,vnindex,951.13
2019-12-19,vnindex,952.26
2019-12-20,vnindex,956.41
2019-12-23,vnindex,959.43
2019-12-24,vnindex,958.88
2019-12-25,vnindex,960.92
2019-12-26,vnindex,958.59
2019-12-27,vnindex,963.51
2019-12-30,vnindex,965.03
2019-12-31,vnindex,960.99
2020-01-02,vnindex,966.67
2020-01-03,vnindex,965.14
2020-01-06,vnindex,955.79
2020-01-07,vnindex,958.88
2020-01-08,vnindex,948.98
2020-01-09,vnindex,960.15
2020-01-10,vnindex,968.54
2020-01-13,vnindex,965.84
2020-01-14,vnindex,967.0
2020-01-15,vnindex,967.56
2020-01-16,vnindex,974.31
2020-01-17,vnindex,978.96
2020-01-20,vnindex,978.63
2020-01-21,vnindex,986.37
2020-01-22,vnindex,991.46
2020-01-30,vnindex,959.58
2020-01-31,vnindex,936.62
2020-02-03,vnindex,928.14
2020-02-04,vnindex,929.09
2020-02-05,vnindex,925.91
2020-02-06,vnindex,938.54
2020-02-07,vnindex,940.75
2020-02-10,vnindex,930.73
2020-02-11,vnindex,934.67
2020-02-12,vnindex,937.68
2020-02-13,vnindex,938.24
2020-02-14,vnindex,937.45
2020-02-17,vnindex,934.77
2020-02-18,vnindex,927.93
2020-02-19,vnindex,928.76
2020-02-20,vnindex,938.13
2020-02-21,vnindex,933.09
2020-02-24,vnindex,903.34
2020-02-25,vnindex,909.67
2020-02-26,vnindex,895.97
2020-02-27,vnindex,898.44
2020-02-28,vnindex,882.19
2020-03-02,vnindex,884.43
2020-03-03,vnindex,890.61
2020-03-04,vnindex,889.37
2020-03-05,vnindex,893.31
2020-03-06,vnindex,891.44
2020-03-09,vnindex,835.49
2020-03-10,vnindex,837.5
2020-03-11,vnindex,811.35
2020-03-12,vnindex,769.25
2020-03-13,vnindex,761.78
2020-03-16,vnindex,747.86
2020-03-17,vnindex,745.78
2020-03-18,vnindex,747.66
2020-03-19,vnindex,725.94
2020-03-20,vnindex,709.73
2020-03-23,vnindex,666.59
2020-03-24,vnindex,659.21
2020-03-25,vnindex,690.25
2020-03-26,vnindex,694.21
2020-03-27,vnindex,696.06
2020-03-30,vnindex,662.26
2020-03-31,vnindex,662.53
2020-04-01,vnindex,680.23
2020-04-03,vnindex,701.8
2020-04-06,vnindex,736.75
2020-04-07,vnindex,746.69
2020-04-08,vnindex,748.02
2020-04-09,vnindex,760.33
2020-04-10,vnindex,757.94
2020-04-13,vnindex,765.79
2020-04-14,vnindex,767.41
2020-04-15,vnindex,777.22
2020-04-16,vnindex,780.7
2020-04-17,vnindex,789.6
2020-04-20,vnindex,794.97
2020-04-21,vnindex,766.84
2020-04-22,vnindex,768.92
2020-04-23,vnindex,773.91
2020-04-24,vnindex,776.66
2020-04-27,vnindex,770.77
2020-04-28,vnindex,767.21
2020-04-29,vnindex,769.11
2020-05-04,vnindex,762.47
2020-05-05,vnindex,764.16
2020-05-06,vnindex,782.59
2020-05-07,vnindex,796.54
2020-05-08,vnindex,813.73
2020-05-11,vnindex,828.33
2020-05-12,vnindex,835.32
2020-05-13,vnindex,834.21
2020-05-14,vnindex,832.4
2020-05-15,vnindex,827.03
2020-05-18,vnindex,837.01
2020-05-19,vnindex,845.92
2020-05-20,vnindex,852.91
2020-05-21,vnindex,862.73
2020-05-22,vnindex,852.74
2020-05-25,vnindex,859.04
2020-05-26,vnindex,869.13
2020-05-27,vnindex,857.48
2020-05-28,vnindex,861.39
2020-05-29,vnindex,864.47
2020-06-01,vnindex,878.67
2020-06-02,vnindex,874.8
2020-06-03,vnindex,881.17
2020-06-04,vnindex,883.9
2020-06-05,vnindex,886.22
2020-06-08,vnindex,899.92
2020-06-09,vnindex,903.1
2020-06-10,vnindex,900.68
2020-06-11,vnindex,867.37
2020-06-12,vnindex,863.52
2020-06-15,vnindex,832.47
2020-06-16,vnindex,856.13
2020-06-17,vnindex,854.44
2020-06-18,vnindex,855.27
2020-06-19,vnindex,868.56
2020-06-22,vnindex,871.28
2020-06-23,vnindex,868.2
2020-06-24,vnindex,859.71
2020-06-25,vnindex,854.59
2020-06-26,vnindex,851.98
2020-06-29,vnindex,829.36
2020-06-30,vnindex,825.11
2020-07-01,vnindex,843.49
2020-07-02,vnindex,842.38
2020-07-03,vnindex,847.61
2020-07-06,vnindex,861.16
2020-07-07,vnindex,863.42
2020-07-08,vnindex,864.5
2020-07-09,vnindex,876.46
2020-07-10,vnindex,871.21
2020-07-13,vnindex,868.72
2020-07-14,vnindex,868.11
2020-07-15,vnindex,869.91
2020-07-16,vnindex,876.83
2020-07-17,vnindex,872.02
2020-07-20,vnindex,861.4
2020-07-21,vnindex,861.69
2020-07-22,vnindex,855.08
2020-07-23,vnindex,856.75
2020-07-24,vnindex,829.16
2020-07-27,vnindex,785.17
2020-07-28,vnindex,813.36
2020-07-29,vnindex,790.84
2020-07-30,vnindex,801.13
2020-07-31,vnindex,798.39
2020-08-03,vnindex,814.65
2020-08-04,vnindex,827.57
2020-08-05,vnindex,837.8
2020-08-06,vnindex,840.04
2020-08-07,vnindex,841.46
2020-08-10,vnindex,843.2
2020-08-11,vnindex,843.08
2020-08-12,vnindex,846.92
2020-08-13,vnindex,855.05
2020-08-14,vnindex,850.74
2020-08-17,vnindex,850.15
2020-08-18,vnindex,846.43
2020-08-19,vnindex,851.21
2020-08-20,vnindex,848.21
2020-08-21,vnindex,854.78
2020-08-24,vnindex,868.68
2020-08-25,vnindex,874.12
2020-08-26,vnindex,873.47
2020-08-27,vnindex,874.71
2020-08-28,vnindex,878.98
2020-08-31,vnindex,881.65
2020-09-01,vnindex,891.73
2020-09-03,vnindex,903.97
2020-09-04,vnindex,901.54
2020-09-07,vnindex,888.25
2020-09-08,vnindex,890.14
2020-09-09,vnindex,889.32
2020-09-10,vnindex,888.82
2020-09-11,vnindex,888.97
2020-09-14,vnindex,894.57
2020-09-15,vnindex,896.26
2020-09-16,vnindex,897.47
2020-09-17,vnindex,894.04
2020-09-18,vnindex,900.95
2020-09-21,vnindex,907.94
2020-09-22,vnindex,906.19
2020-09-23,vnindex,912.5
2020-09-24,vnindex,908.58
2020-09-25,vnindex,908.27
2020-09-28,vnindex,912.5
2020-09-29,vnindex,903.98
2020-09-30,vnindex,905.21
2020-10-01,vnindex,914.09
2020-10-02,vnindex,909.91
2020-10-05,vnindex,914.68
2020-10-06,vnindex,915.67
2020-10-07,vnindex,919.72
2020-10-08,vnindex,918.84
2020-10-09,vnindex,924.0
2020-10-12,vnindex,925.83
2020-10-13,vnindex,929.86
2020-10-14,vnindex,940.18
2020-10-15,vnindex,942.76
2020-10-16,vnindex,943.3
2020-10-19,vnindex,943.69
2020-10-20,vnindex,944.42
2020-10-21,vnindex,939.03
2020-10-22,vnindex,949.9
2020-10-23,vnindex,961.26
2020-10-26,vnindex,950.8
2020-10-27,vnindex,946.47
2020-10-28,vnindex,921.05
2020-10-29,vnindex,919.08
2020-10-30,vnindex,925.47
2020-11-02,vnindex,933.68
2020-11-03,vnindex,935.41
2020-11-04,vnindex,939.76
2020-11-05,vnindex,937.75
2020-11-06,vnindex,938.29
2020-11-09,vnindex,951.99
2020-11-10,vnindex,951.9
2020-11-11,vnindex,952.22
2020-11-12,vnindex,959.28
2020-11-13,vnindex,966.29
2020-11-16,vnindex,950.79
2020-11-17,vnindex,968.9
2020-11-18,vnindex,973.53
2020-11-19,vnindex,983.26
2020-11-20,vnindex,990.0
2020-11-23,vnindex,994.19
2020-11-24,vnindex,995.76
2020-11-25,vnindex,999.94
2020-11-26,vnindex,1005.97
2020-11-27,vnindex,1010.22
2020-11-30,vnindex,1003.08
2020-12-01,vnindex,1008.87
2020-12-02,vnindex,1014.32
2020-12-03,vnindex,1019.8
2020-12-04,vnindex,1021.49
2020-12-07,vnindex,1029.98
2020-12-08,vnindex,1029.26
2020-12-09,vnindex,1039.13
2020-12-10,vnindex,1030.91
2020-12-11,vnindex,1045.96
2020-12-14,vnindex,1064.09
2020-12-15,vnindex,1055.27
2020-12-16,vnindex,1066.99
2020-12-17,vnindex,1051.77
2020-12-18,vnindex,1067.46
2020-12-21,vnindex,1081.08
2020-12-22,vnindex,1083.45
2020-12-23,vnindex,1078.9
2020-12-24,vnindex,1067.52
2020-12-25,vnindex,1084.42
2020-12-28,vnindex,1091.33
2020-12-29,vnindex,1099.49
2020-12-30,vnindex,1097.54
2020-12-31,vnindex,1103.87
2021-01-04,vnindex,1120.47
2021-01-05,vnindex,1132.55
2021-01-06,vnindex,1143.21
2021-01-07,vnindex,1156.49
2021-01-08,vnindex,1167.69
2021-01-11,vnindex,1184.89
2021-01-12,vnindex,1192.28
2021-01-13,vnindex,1186.05
2021-01-14,vnindex,1187.4
2021-01-15,vnindex,1194.2
2021-01-18,vnindex,1191.94
2021-01-19,vnindex,1131.0
2021-01-20,vnindex,1134.68
2021-01-21,vnindex,1164.21
2021-01-22,vnindex,1166.78
2021-01-25,vnindex,1166.05
2021-01-26,vnindex,1136.12
2021-01-27,vnindex,1097.17
2021-01-28,vnindex,1023.94
2021-01-29,vnindex,1056.61
2021-02-01,vnindex,1035.51
2021-02-02,vnindex,1075.53
2021-02-03,vnindex,1111.29
2021-02-04,vnindex,1112.19
2021-02-05,vnindex,1126.91
2021-02-08,vnindex,1083.18
2021-02-09,vnindex,1114.93
2021-02-17,vnindex,1155.78
2021-02-18,vnindex,1174.38
2021-02-19,vnindex,1173.5
2021-02-22,vnindex,1175.04
2021-02-23,vnindex,1177.64
2021-02-24,vnindex,1162.01
2021-02-25,vnindex,1165.43
2021-02-26,vnindex,1168.47
2021-03-01,vnindex,1186.17
2021-03-02,vnindex,1186.61
2021-03-03,vnindex,1186.95
2021-03-04,vnindex,1168.52
2021-03-05,vnindex,1168.69
2021-03-08,vnindex,1168.27
2021-03-09,vnindex,1161.97
2021-03-10,vnindex,1170.08
2021-03-11,vnindex,1181.73
2021-03-12,vnindex,1181.56
2021-03-15,vnindex,1184.56
2021-03-16,vnindex,1179.9
2021-03-17,vnindex,1186.09
2021-03-18,vnindex,1200.94
2021-03-19,vnindex,1194.05
2021-03-22,vnindex,1194.43
2021-03-23,vnindex,1183.45
2021-03-24,vnindex,1161.81
2021-03-25,vnindex,1163.1
2021-03-26,vnindex,1162.21
2021-03-29,vnindex,1175.68
2021-03-30,vnindex,1186.36
2021-03-31,vnindex,1191.44
2021-04-01,vnindex,1216.1
2021-04-02,vnindex,1224.45
2021-04-05,vnindex,1236.05
2021-04-06,vnindex,1239.96
2021-04-07,vnindex,1242.38
2021-04-08,vnindex,1234.89
2021-04-09,vnindex,1231.66
2021-04-12,vnindex,1252.45
2021-04-13,vnindex,1248.33
2021-04-14,vnindex,1255.87
2021-04-15,vnindex,1247.25
2021-04-16,vnindex,1238.71
2021-04-19,vnindex,1260.58
2021-04-20,vnindex,1268.28
2021-04-22,vnindex,1227.82
2021-04-23,vnindex,1248.53
2021-04-26,vnindex,1215.77
2021-04-27,vnindex,1219.75
2021-04-28,vnindex,1229.55
2021-04-29,vnindex,1239.39
2021-05-04,vnindex,1242.2
2021-05-05,vnindex,1256.43
2021-05-06,vnindex,1250.57
2021-05-07,vnindex,1241.81
2021-05-10,vnindex,1259.58
2021-05-11,vnindex,1256.04
2021-05-12,vnindex,1269.09
2021-05-13,vnindex,1261.99
2021-05-14,vnindex,1266.36
2021-05-17,vnindex,1258.7
2021-05-18,vnindex,1252.68
2021-05-19,vnindex,1262.49
2021-05-20,vnindex,1278.22
2021-05-21,vnindex,1283.93
2021-05-24,vnindex,1297.98
2021-05-25,vnindex,1308.58
2021-05-26,vnindex,1316.7
2021-05-27,vnindex,1303.57
2021-05-28,vnindex,1320.46
2021-05-31,vnindex,1328.05
2021-06-01,vnindex,1337.78
2021-06-02,vnindex,1340.78
2021-06-03,vnindex,1364.28
2021-06-04,vnindex,1374.05
2021-06-07,vnindex,1358.78
2021-06-08,vnindex,1319.88
2021-06-09,vnindex,1332.9
2021-06-10,vnindex,1323.58
2021-06-11,vnindex,1351.74
2021-06-14,vnindex,1361.72
2021-06-15,vnindex,1367.36
2021-06-16,vnindex,1356.52
2021-06-17,vnindex,1359.92
2021-06-18,vnindex,1377.77
2021-06-21,vnindex,1372.63
2021-06-22,vnindex,1379.97
2021-06-23,vnindex,1376.87
2021-06-24,vnindex,1379.72
2021-06-25,vnindex,1390.12
2021-06-28,vnindex,1405.81
2021-06-29,vnindex,1410.04
2021-06-30,vnindex,1408.55
2021-07-01,vnindex,1417.08
2021-07-02,vnindex,1420.27
2021-07-05,vnindex,1411.13
2021-07-06,vnindex,1354.79
2021-07-07,vnindex,1388.55
2021-07-08,vnindex,1374.68
2021-07-09,vnindex,1347.14
2021-07-12,vnindex,1296.3
2021-07-13,vnindex,1297.54
2021-07-14,vnindex,1279.91
2021-07-15,vnindex,1293.92
2021-07-16,vnindex,1299.31
2021-07-19,vnindex,1243.51
2021-07-20,vnindex,1273.29
2021-07-21,vnindex,1270.79
2021-07-22,vnindex,1293.67
2021-07-23,vnindex,1268.83
2021-07-26,vnindex,1272.71
2021-07-27,vnindex,1276.93
2021-07-28,vnindex,1277.07
2021-07-29,vnindex,1293.6
2021-07-30,vnindex,1310.05
2021-08-02,vnindex,1314.22
2021-08-03,vnindex,1332.44
2021-08-04,vnindex,1334.74
2021-08-05,vnindex,1345.55
2021-08-06,vnindex,1341.45
2021-08-09,vnindex,1359.86
2021-08-10,vnindex,1362.43
2021-08-11,vnindex,1357.79
2021-08-12,vnindex,1353.05
2021-08-13,vnindex,1357.05
2021-08-16,vnindex,1370.96
2021-08-17,vnindex,1363.09
2021-08-18,vnindex,1360.94
2021-08-19,vnindex,1374.85
2021-08-20,vnindex,1329.43
2021-08-23,vnindex,1298.86
2021-08-24,vnindex,1298.74
2021-08-25,vnindex,1309.55
2021-08-26,vnindex,1301.12
2021-08-27,vnindex,1313.2
2021-08-30,vnindex,1328.14
2021-08-31,vnindex,1331.47
2021-09-01,vnindex,1334.65
2021-09-06,vnindex,1346.39
2021-09-07,vnindex,1341.9
2021-09-08,vnindex,1333.61
2021-09-09,vnindex,1343.98
2021-09-10,vnindex,1345.31
2021-09-13,vnindex,1341.43
2021-09-14,vnindex,1339.7
2021-09-15,vnindex,1345.83
2021-09-16,vnindex,1345.87
2021-09-17,vnindex,1352.64
2021-09-20,vnindex,1350.48
2021-09-21,vnindex,1339.84
2021-09-22,vnindex,1350.68
2021-09-23,vnindex,1352.76
2021-09-24,vnindex,1351.17
2021-09-27,vnindex,1324.99
2021-09-28,vnindex,1339.31
2021-09-29,vnindex,1339.21
2021-09-30,vnindex,1342.06
2021-10-01,vnindex,1334.89
2021-10-04,vnindex,1339.54
2021-10-05,vnindex,1354.63
2021-10-06,vnindex,1362.82
2021-10-07,vnindex,1365.99
2021-10-08,vnindex,1372.73
2021-10-11,vnindex,1394.09
2021-10-12,vnindex,1394.8
2021-10-13,vnindex,1391.91
2021-10-14,vnindex,1391.85
2021-10-15,vnindex,1392.7
2021-10-18,vnindex,1395.53
2021-10-19,vnindex,1395.33
2021-10-20,vnindex,1393.8
2021-10-21,vnindex,1384.77
2021-10-22,vnindex,1389.24
2021-10-25,vnindex,1385.4
2021-10-26,vnindex,1391.63
2021-10-27,vnindex,1423.02
2021-10-28,vnindex,1438.01
2021-10-29,vnindex,1444.27
2021-11-01,vnindex,1438.97
2021-11-02,vnindex,1452.46
2021-11-03,vnindex,1444.3
2021-11-04,vnindex,1448.34
2021-11-05,vnindex,1456.51
2021-11-08,vnindex,1467.57
2021-11-09,vnindex,1461.5
2021-11-10,vnindex,1465.02
2021-11-11,vnindex,1462.35
2021-11-12,vnindex,1473.37
2021-11-15,vnindex,1476.57
2021-11-16,vnindex,1466.45
2021-11-17,vnindex,1475.85
2021-11-18,vnindex,1469.83
2021-11-19,vnindex,1452.35
2021-11-22,vnindex,1447.25
2021-11-23,vnindex,1463.63
2021-11-24,vnindex,1488.87
2021-11-25,vnindex,1500.81
2021-11-26,vnindex,1493.03
2021-11-29,vnindex,1484.84
2021-11-30,vnindex,1478.44
2021-12-01,vnindex,1485.19
2021-12-02,vnindex,1482.05
2021-12-03,vnindex,1443.32
2021-12-06,vnindex,1413.58
2021-12-07,vnindex,1446.77
2021-12-08,vnindex,1452.87
2021-12-09,vnindex,1467.98
2021-12-10,vnindex,1463.54
2021-12-13,vnindex,1476.21
2021-12-14,vnindex,1476.02
2021-12-15,vnindex,1475.5
2021-12-16,vnindex,1476.61
2021-12-17,vnindex,1479.79
2021-12-20,vnindex,1477.33
2021-12-21,vnindex,1478.74
2021-12-22,vnindex,1477.67
2021-12-23,vnindex,1456.96
2021-12-24,vnindex,1477.03
2021-12-27,vnindex,1488.88
2021-12-28,vnindex,1494.39
2021-12-29,vnindex,1485.82
2021-12-30,vnindex,1485.97
2021-12-31,vnindex,1498.28
2022-01-04,vnindex,1525.58
2022-01-05,vnindex,1522.5
2022-01-06,vnindex,1528.57
2022-01-07,vnindex,1528.48
2022-01-10,vnindex,1503.71
2022-01-11,vnindex,1492.31
2022-01-12,vnindex,1510.51
2022-01-13,vnindex,1496.05
2022-01-14,vnindex,1496.02
2022-01-17,vnindex,1452.84
2022-01-18,vnindex,1438.94
2022-01-19,vnindex,1442.79
2022-01-20,vnindex,1465.3
2022-01-21,vnindex,1472.89
2022-01-24,vnindex,1439.71
2022-01-25,vnindex,1479.58
2022-01-26,vnindex,1481.58
2022-01-27,vnindex,1470.76
2022-01-28,vnindex,1478.96
2022-02-07,vnindex,1497.66
2022-02-08,vnindex,1500.99
2022-02-09,vnindex,1505.38
2022-02-10,vnindex,1506.79
2022-02-11,vnindex,1501.71
2022-02-14,vnindex,1471.96
2022-02-15,vnindex,1492.75
2022-02-16,vnindex,1492.1
2022-02-17,vnindex,1507.99
2022-02-18,vnindex,1504.84
2022-02-21,vnindex,1510.84
2022-02-22,vnindex,1503.47
2022-02-23,vnindex,1512.3
2022-02-24,vnindex,1494.85
2022-02-25,vnindex,1498.89
2022-02-28,vnindex,1490.13
2022-03-01,vnindex,1498.78
2022-03-02,vnindex,1485.52
2022-03-03,vnindex,1505.0
2022-03-04,vnindex,1505.33
2022-03-07,vnindex,1499.05
2022-03-08,vnindex,1473.71
2022-03-09,vnindex,1473.74
2022-03-10,vnindex,1479.08
2022-03-11,vnindex,1466.54
2022-03-14,vnindex,1446.25
2022-03-15,vnindex,1452.74
2022-03-16,vnindex,1459.33
2022-03-17,vnindex,1461.34
2022-03-18,vnindex,1469.1
2022-03-21,vnindex,1494.95
2022-03-22,vnindex,1503.78
2022-03-23,vnindex,1502.34
2022-03-24,vnindex,1498.26
2022-03-25,vnindex,1498.5
2022-03-28,vnindex,1483.18
2022-03-29,vnindex,1497.76
2022-03-30,vnindex,1490.51
2022-03-31,vnindex,1492.15
2022-04-01,vnindex,1516.44
2022-04-04,vnindex,1524.7
2022-04-05,vnindex,1520.03
2022-04-06,vnindex,1522.9
2022-04-07,vnindex,1502.35
2022-04-08,vnindex,1482.0
2022-04-12,vnindex,1455.25
2022-04-13,vnindex,1477.2
2022-04-14,vnindex,1472.12
2022-04-15,vnindex,1458.56
2022-04-18,vnindex,1432.6
2022-04-19,vnindex,1406.45
2022-04-20,vnindex,1384.72
2022-04-21,vnindex,1370.21
2022-04-22,vnindex,1379.23
2022-04-25,vnindex,1310.92
2022-04-26,vnindex,1341.34
2022-04-27,vnindex,1353.77
2022-04-28,vnindex,1350.99
2022-04-29,vnindex,1366.8
2022-05-04,vnindex,1348.68
2022-05-05,vnindex,1360.68
2022-05-06,vnindex,1329.26
2022-05-09,vnindex,1269.62
2022-05-10,vnindex,1293.56
2022-05-11,vnindex,1301.53
2022-05-12,vnindex,1238.84
2022-05-13,vnindex,1182.77
2022-05-16,vnindex,1171.95
2022-05-17,vnindex,1228.37
2022-05-18,vnindex,1240.76
2022-05-19,vnindex,1241.64
2022-05-20,vnindex,1240.71
2022-05-23,vnindex,1218.81
2022-05-24,vnindex,1233.38
2022-05-25,vnindex,1268.43
2022-05-26,vnindex,1268.57
2022-05-27,vnindex,1285.45
2022-05-30,vnindex,1293.92
2022-05-31,vnindex,1292.68
2022-06-01,vnindex,1299.52
2022-06-02,vnindex,1288.62
2022-06-03,vnindex,1287.98
2022-06-06,vnindex,1290.01
2022-06-07,vnindex,1291.35
2022-06-08,vnindex,1307.91
2022-06-09,vnindex,1307.8
2022-06-10,vnindex,1284.08
2022-06-13,vnindex,1227.04
2022-06-14,vnindex,1230.31
2022-06-15,vnindex,1213.93
2022-06-16,vnindex,1236.63
2022-06-17,vnindex,1217.3
2022-06-20,vnindex,1180.4
2022-06-21,vnindex,1172.47
2022-06-22,vnindex,1169.27
2022-06-23,vnindex,1188.88
2022-06-24,vnindex,1185.48
2022-06-27,vnindex,1202.82
2022-06-28,vnindex,1218.1
2022-06-29,vnindex,1218.09
2022-06-30,vnindex,1197.6
2022-07-01,vnindex,1198.9
2022-07-04,vnindex,1195.53
2022-07-05,vnindex,1181.29
2022-07-06,vnindex,1149.61
2022-07-07,vnindex,1166.48
2022-07-08,vnindex,1171.31
2022-07-11,vnindex,1155.29
2022-07-12,vnindex,1174.82
2022-07-13,vnindex,1173.92
2022-07-14,vnindex,1182.17
2022-07-15,vnindex,1179.25
2022-07-18,vnindex,1176.49
2022-07-19,vnindex,1178.33
2022-07-20,vnindex,1194.14
2022-07-21,vnindex,1198.47
2022-07-22,vnindex,1194.76
2022-07-25,vnindex,1188.5
2022-07-26,vnindex,1185.07
2022-07-27,vnindex,1191.04
2022-07-28,vnindex,1208.12
2022-07-29,vnindex,1206.33
2022-08-01,vnindex,1231.35
2022-08-02,vnindex,1241.62
2022-08-03,vnindex,1249.76
2022-08-04,vnindex,1254.15
2022-08-05,vnindex,1252.74
2022-08-08,vnindex,1256.75
2022-08-09,vnindex,1258.85
2022-08-10,vnindex,1256.5
2022-08-11,vnindex,1252.07
2022-08-12,vnindex,1262.33
2022-08-15,vnindex,1274.2
2022-08-16,vnindex,1274.69
2022-08-17,vnindex,1275.28
2022-08-18,vnindex,1273.66
2022-08-19,vnindex,1269.18
2022-08-22,vnindex,1260.43
2022-08-23,vnindex,1270.81
2022-08-24,vnindex,1277.16
2022-08-25,vnindex,1288.88
2022-08-26,vnindex,1282.57
2022-08-29,vnindex,1270.8
2022-08-30,vnindex,1279.39
2022-08-31,vnindex,1280.51
2022-09-05,vnindex,1277.35
2022-09-06,vnindex,1277.4
2022-09-07,vnindex,1243.17
2022-09-08,vnindex,1234.6
2022-09-09,vnindex,1248.78
2022-09-12,vnindex,1249.62
2022-09-13,vnindex,1248.4
2022-09-14,vnindex,1240.77
2022-09-15,vnindex,1245.66
2022-09-16,vnindex,1234.03
2022-09-19,vnindex,1205.43
2022-09-20,vnindex,1218.93
2022-09-21,vnindex,1210.55
2022-09-22,vnindex,1214.7
2022-09-23,vnindex,1203.28
2022-09-26,vnindex,1174.35
2022-09-27,vnindex,1166.54
2022-09-28,vnindex,1143.62
2022-09-29,vnindex,1126.07
2022-09-30,vnindex,1132.11
2022-10-03,vnindex,1086.44
2022-10-04,vnindex,1078.14
2022-10-05,vnindex,1104.26
2022-10-06,vnindex,1074.52
2022-10-07,vnindex,1035.91
2022-10-10,vnindex,1042.48
2022-10-11,vnindex,1006.2
2022-10-12,vnindex,1034.81
2022-10-13,vnindex,1050.99
2022-10-14,vnindex,1061.85
2022-10-17,vnindex,1051.58
2022-10-18,vnindex,1063.66
2022-10-19,vnindex,1060.07
2022-10-20,vnindex,1058.45
2022-10-21,vnindex,1019.82
2022-10-24,vnindex,986.15
2022-10-25,vnindex,997.7
2022-10-26,vnindex,993.36
2022-10-27,vnindex,1028.01
2022-10-28,vnindex,1027.36
2022-10-31,vnindex,1027.94
2022-11-01,vnindex,1033.75
2022-11-02,vnindex,1023.19
2022-11-03,vnindex,1019.81
2022-11-04,vnindex,997.15
2022-11-07,vnindex,975.19
2022-11-08,vnindex,981.65
2022-11-09,vnindex,985.59
2022-11-10,vnindex,947.24
2022-11-11,vnindex,954.53
2022-11-14,vnindex,941.04
2022-11-15,vnindex,911.9
2022-11-16,vnindex,942.9
2022-11-17,vnindex,969.26
2022-11-18,vnindex,969.33
2022-11-21,vnindex,960.65
2022-11-22,vnindex,952.12
2022-11-23,vnindex,946.0
2022-11-24,vnindex,947.71
2022-11-25,vnindex,971.46
2022-11-28,vnindex,1005.69
2022-11-29,vnindex,1032.16
2022-11-30,vnindex,1048.42
2022-12-01,vnindex,1036.28
2022-12-02,vnindex,1080.01
2022-12-05,vnindex,1093.67
2022-12-06,vnindex,1048.69
2022-12-07,vnindex,1041.02
2022-12-08,vnindex,1050.53
2022-12-09,vnindex,1051.81
2022-12-12,vnindex,1032.07
2022-12-13,vnindex,1047.45
2022-12-14,vnindex,1050.43
2022-12-15,vnindex,1055.32
2022-12-16,vnindex,1052.48
2022-12-19,vnindex,1038.4
2022-12-20,vnindex,1023.13
2022-12-21,vnindex,1018.88
2022-12-22,vnindex,1022.61
2022-12-23,vnindex,1020.34
2022-12-26,vnindex,985.21
2022-12-27,vnindex,1004.57
2022-12-28,vnindex,1015.66
2022-12-29,vnindex,1009.29
2022-12-30,vnindex,1007.09
2023-01-03,vnindex,1043.9
2023-01-04,vnindex,1046.35
2023-01-05,vnindex,1055.82
2023-01-06,vnindex,1051.44
2023-01-09,vnindex,1054.21
2023-01-10,vnindex,1053.35
2023-01-11,vnindex,1055.76
2023-01-12,vnindex,1056.39
2023-01-13,vnindex,1060.17
2023-01-16,vnindex,1066.68
2023-01-17,vnindex,1088.29
2023-01-18,vnindex,1098.28
2023-01-19,vnindex,1108.08
2023-01-27,vnindex,1117.1
2023-01-30,vnindex,1102.57
2023-01-31,vnindex,1111.18
2023-02-01,vnindex,1075.97
2023-02-02,vnindex,1077.59
2023-02-03,vnindex,1077.15
2023-02-06,vnindex,1089.29
2023-02-07,vnindex,1065.84
2023-02-08,vnindex,1072.22
2023-02-09,vnindex,1064.03
2023-02-10,vnindex,1055.3
2023-02-13,vnindex,1043.7
2023-02-14,vnindex,1038.64
2023-02-15,vnindex,1048.2
2023-02-16,vnindex,1058.29
2023-02-17,vnindex,1059.31
2023-02-20,vnindex,1086.69
2023-02-21,vnindex,1082.23
2023-02-22,vnindex,1054.28
2023-02-23,vnindex,1053.66
2023-02-24,vnindex,1039.56
2023-02-27,vnindex,1021.25
2023-02-28,vnindex,1024.68
2023-03-01,vnindex,1040.55
2023-03-02,vnindex,1037.61
2023-03-03,vnindex,1024.77
2023-03-06,vnindex,1027.18
2023-03-07,vnindex,1037.84
2023-03-08,vnindex,1049.18
2023-03-09,vnindex,1055.95
2023-03-10,vnindex,1053.0
2023-03-13,vnindex,1052.8
2023-03-14,vnindex,1040.13
2023-03-15,vnindex,1062.19
2023-03-16,vnindex,1047.4
2023-03-17,vnindex,1045.14
2023-03-20,vnindex,1023.1
2023-03-21,vnindex,1032.43
2023-03-22,vnindex,1040.54
2023-03-23,vnindex,1045.1
2023-03-24,vnindex,1046.79
2023-03-27,vnindex,1052.25
2023-03-28,vnindex,1054.29
2023-03-29,vnindex,1056.33
2023-03-30,vnindex,1059.44
2023-03-31,vnindex,1064.64
2023-04-03,vnindex,1079.28
2023-04-04,vnindex,1078.45
2023-04-05,vnindex,1080.86
2023-04-06,vnindex,1070.91
2023-04-07,vnindex,1069.71
2023-04-10,vnindex,1065.35
2023-04-11,vnindex,1069.46
2023-04-12,vnindex,1069.45
2023-04-13,vnindex,1064.3
2023-04-14,vnindex,1052.89
2023-04-17,vnindex,1053.81
2023-04-18,vnindex,1055.02
2023-04-19,vnindex,1048.98
2023-04-20,vnindex,1049.25
2023-04-21,vnindex,1042.91
2023-04-24,vnindex,1041.36
2023-04-25,vnindex,1034.85
2023-04-26,vnindex,1040.8
2023-04-27,vnindex,1039.63
2023-04-28,vnindex,1049.12
2023-05-04,vnindex,1040.61
2023-05-05,vnindex,1040.31
2023-05-08,vnindex,1053.44
2023-05-09,vnindex,1053.77
2023-05-10,vnindex,1058.26
2023-05-11,vnindex,1057.12
2023-05-12,vnindex,1066.9
2023-05-15,vnindex,1065.71
2023-05-16,vnindex,1065.91
2023-05-17,vnindex,1060.44
2023-05-18,vnindex,1068.31
2023-05-19,vnindex,1067.07
2023-05-22,vnindex,1070.64
2023-05-23,vnindex,1065.85
2023-05-24,vnindex,1061.79
2023-05-25,vnindex,1064.63
2023-05-26,vnindex,1063.76
2023-05-29,vnindex,1074.98
2023-05-30,vnindex,1078.05
2023-05-31,vnindex,1075.17
2023-06-01,vnindex,1078.39
2023-06-02,vnindex,1090.84
2023-06-05,vnindex,1097.82
2023-06-06,vnindex,1108.31
2023-06-07,vnindex,1109.54
2023-06-08,vnindex,1101.32
2023-06-09,vnindex,1107.53
2023-06-12,vnindex,1116.02
2023-06-13,vnindex,1122.46
2023-06-14,vnindex,1117.42
2023-06-15,vnindex,1116.97
2023-06-16,vnindex,1115.22
2023-06-19,vnindex,1105.4
2023-06-20,vnindex,1111.72
2023-06-21,vnindex,1118.46
2023-06-22,vnindex,1125.3
2023-06-23,vnindex,1129.38
2023-06-26,vnindex,1132.03
2023-06-27,vnindex,1134.33
2023-06-28,vnindex,1138.35
2023-06-29,vnindex,1125.39
2023-06-30,vnindex,1120.18
2023-07-03,vnindex,1125.5
2023-07-04,vnindex,1132.0
2023-07-05,vnindex,1134.62
2023-07-06,vnindex,1126.22
2023-07-07,vnindex,1138.07
2023-07-10,vnindex,1149.02
2023-07-11,vnindex,1151.77
2023-07-12,vnindex,1154.2
2023-07-13,vnindex,1165.42
2023-07-14,vnindex,1168.4
2023-07-17,vnindex,1173.13
2023-07-18,vnindex,1174.09
2023-07-19,vnindex,1172.98
2023-07-20,vnindex,1172.81
2023-07-21,vnindex,1185.9
2023-07-24,vnindex,1190.72
2023-07-25,vnindex,1195.9
2023-07-26,vnindex,1200.84
2023-07-27,vnindex,1197.33
2023-07-28,vnindex,1207.67
2023-07-31,vnindex,1222.9
2023-08-01,vnindex,1217.56
2023-08-02,vnindex,1220.43
2023-08-03,vnindex,1210.95
2023-08-04,vnindex,1225.98
2023-08-07,vnindex,1241.42
2023-08-08,vnindex,1242.23
2023-08-09,vnindex,1233.99
2023-08-10,vnindex,1220.61
2023-08-11,vnindex,1232.21
2023-08-14,vnindex,1236.84
2023-08-15,vnindex,1234.05
2023-08-16,vnindex,1243.26
2023-08-17,vnindex,1233.48
2023-08-18,vnindex,1177.99
2023-08-21,vnindex,1179.76
2023-08-22,vnindex,1180.49
2023-08-23,vnindex,1172.56
2023-08-24,vnindex,1189.39
2023-08-25,vnindex,1183.37
2023-08-28,vnindex,1201.72
2023-08-29,vnindex,1204.43
2023-08-30,vnindex,1213.16
2023-08-31,vnindex,1224.05
2023-09-05,vnindex,1234.98
2023-09-06,vnindex,1245.5
2023-09-07,vnindex,1243.14
2023-09-08,vnindex,1241.48
2023-09-11,vnindex,1223.63
2023-09-12,vnindex,1245.44
2023-09-13,vnindex,1238.39
2023-09-14,vnindex,1223.81
2023-09-15,vnindex,1227.36
2023-09-18,vnindex,1211.81
2023-09-19,vnindex,1211.5
2023-09-20,vnindex,1226.11
2023-09-21,vnindex,1212.74
2023-09-22,vnindex,1193.05
2023-09-25,vnindex,1153.2
2023-09-26,vnindex,1137.96
2023-09-27,vnindex,1153.85
2023-09-28,vnindex,1152.43
2023-09-29,vnindex,1154.15
2023-10-02,vnindex,1155.25
2023-10-03,vnindex,1118.1
2023-10-04,vnindex,1128.67
2023-10-05,vnindex,1113.89
2023-10-06,vnindex,1128.54
2023-10-09,vnindex,1137.36
2023-10-10,vnindex,1143.69
2023-10-11,vnindex,1150.81
2023-10-12,vnindex,1151.61
2023-10-13,vnindex,1154.73
2023-10-16,vnindex,1141.42
2023-10-17,vnindex,1121.65
2023-10-18,vnindex,1103.4
2023-10-19,vnindex,1087.85
2023-10-20,vnindex,1108.03
2023-10-23,vnindex,1093.53
2023-10-24,vnindex,1105.9
2023-10-25,vnindex,1101.66
2023-10-26,vnindex,1055.45
2023-10-27,vnindex,1060.62
2023-10-30,vnindex,1042.4
2023-10-31,vnindex,1028.19
2023-11-01,vnindex,1039.66
2023-11-02,vnindex,1075.47
2023-11-03,vnindex,1076.78
2023-11-06,vnindex,1089.66
2023-11-07,vnindex,1080.29
2023-11-08,vnindex,1113.43
2023-11-09,vnindex,1113.89
2023-11-10,vnindex,1101.68
2023-11-13,vnindex,1100.07
2023-11-14,vnindex,1109.73
2023-11-15,vnindex,1122.5
2023-11-16,vnindex,1125.53
2023-11-17,vnindex,1101.19
2023-11-20,vnindex,1103.66
2023-11-21,vnindex,1110.46
2023-11-22,vnindex,1113.82
2023-11-23,vnindex,1088.49
2023-11-24,vnindex,1095.61
2023-11-27,vnindex,1088.06
2023-11-28,vnindex,1095.43
2023-11-29,vnindex,1102.8
2023-11-30,vnindex,1094.13
2023-12-01,vnindex,1102.16
2023-12-04,vnindex,1120.49
2023-12-05,vnindex,1115.97
2023-12-06,vnindex,1126.43
2023-12-07,vnindex,1121.49
2023-12-08,vnindex,1124.44
2023-12-11,vnindex,1125.5
2023-12-12,vnindex,1127.63
2023-12-13,vnindex,1114.2
2023-12-14,vnindex,1110.13
2023-12-15,vnindex,1102.3
2023-12-18,vnindex,1091.88
2023-12-19,vnindex,1096.3
2023-12-20,vnindex,1100.76
2023-12-21,vnindex,1102.43
2023-12-22,vnindex,1103.06
2023-12-25,vnindex,1117.66
2023-12-26,vnindex,1122.25
2023-12-27,vnindex,1121.99
2023-12-28,vnindex,1128.93
2023-12-29,vnindex,1129.93
2024-01-02,vnindex,1131.72
2024-01-03,vnindex,1144.17
2024-01-04,vnindex,1150.72
2024-01-05,vnindex,1154.68
2024-01-08,vnindex,1160.19
2024-01-09,vnindex,1158.59
2024-01-10,vnindex,1161.54
2024-01-11,vnindex,1162.22
2024-01-12,vnindex,1154.7
2024-01-15,vnindex,1154.12
2024-01-16,vnindex,1163.12
2024-01-17,vnindex,1162.53
2024-01-18,vnindex,1169.06
2024-01-19,vnindex,1181.5
2024-01-22,vnindex,1182.86
2024-01-23,vnindex,1177.5
2024-01-24,vnindex,1172.97
2024-01-25,vnindex,1170.37
2024-01-26,vnindex,1175.67
2024-01-29,vnindex,1175.69
2024-01-30,vnindex,1179.65
2024-01-31,vnindex,1164.31
2024-02-01,vnindex,1173.02
2024-02-02,vnindex,1172.55
2024-02-05,vnindex,1186.06
2024-02-06,vnindex,1188.48
2024-02-07,vnindex,1198.53
2024-02-15,vnindex,1202.5
2024-02-16,vnindex,1209.7
2024-02-19,vnindex,1224.97
2024-02-20,vnindex,1230.06
2024-02-21,vnindex,1230.04
2024-02-22,vnindex,1227.31
2024-02-23,vnindex,1212.0
2024-02-26,vnindex,1224.17
2024-02-27,vnindex,1237.46
2024-02-28,vnindex,1254.55
2024-02-29,vnindex,1252.73
2024-03-01,vnindex,1258.28
2024-03-04,vnindex,1261.41
2024-03-05,vnindex,1269.98
2024-03-06,vnindex,1262.73
2024-03-07,vnindex,1268.46
2024-03-08,vnindex,1247.35
2024-03-11,vnindex,1235.49
2024-03-12,vnindex,1245.0
2024-03-13,vnindex,1270.51
2024-03-14,vnindex,1264.26
2024-03-15,vnindex,1263.78
2024-03-18,vnindex,1243.56
2024-03-19,vnindex,1242.46
2024-03-20,vnindex,1260.08
2024-03-21,vnindex,1276.42
2024-03-22,vnindex,1281.8
2024-03-25,vnindex,1267.86
2024-03-26,vnindex,1282.21
2024-03-27,vnindex,1283.09
2024-03-28,vnindex,1290.18
2024-03-29,vnindex,1284.09
2024-04-01,vnindex,1281.52
2024-04-02,vnindex,1287.04
2024-04-03,vnindex,1271.47
2024-04-04,vnindex,1268.25
2024-04-05,vnindex,1255.11
2024-04-08,vnindex,1250.35
2024-04-09,vnindex,1262.82
2024-04-10,vnindex,1258.56
2024-04-11,vnindex,1258.2
2024-04-12,vnindex,1276.6
2024-04-15,vnindex,1216.61
2024-04-16,vnindex,1215.68
2024-04-17,vnindex,1193.01
2024-04-19,vnindex,1174.85
2024-04-22,vnindex,1190.22
2024-04-23,vnindex,1177.4
2024-04-24,vnindex,1205.61
2024-04-25,vnindex,1204.97
2024-04-26,vnindex,1209.52
2024-05-02,vnindex,1216.36
2024-05-03,vnindex,1221.03
2024-05-06,vnindex,1241.58
2024-05-07,vnindex,1248.63
2024-05-08,vnindex,1250.46
2024-05-09,vnindex,1248.64
2024-05-10,vnindex,1244.7
2024-05-13,vnindex,1240.18
2024-05-14,vnindex,1243.28
2024-05-15,vnindex,1254.39
2024-05-16,vnindex,1268.78
2024-05-17,vnindex,1273.11
2024-05-20,vnindex,1277.58
2024-05-21,vnindex,1277.14
2024-05-22,vnindex,1266.91
2024-05-23,vnindex,1281.03
2024-05-24,vnindex,1261.93
2024-05-27,vnindex,1267.68
2024-05-28,vnindex,1281.73
2024-05-29,vnindex,1272.64
2024-05-30,vnindex,1266.32
2024-05-31,vnindex,1261.72
2024-06-03,vnindex,1280.0
2024-06-04,vnindex,1283.52
2024-06-05,vnindex,1284.35
2024-06-06,vnindex,1283.56
2024-06-07,vnindex,1287.58
2024-06-10,vnindex,1290.67
2024-06-11,vnindex,1284.41
2024-06-12,vnindex,1300.19
2024-06-13,vnindex,1301.51
2024-06-14,vnindex,1279.91
2024-06-17,vnindex,1274.77
2024-06-18,vnindex,1279.5
2024-06-19,vnindex,1279.79
2024-06-20,vnindex,1282.3
2024-06-21,vnindex,1282.02
2024-06-24,vnindex,1254.12
2024-06-25,vnindex,1256.56
2024-06-26,vnindex,1261.24
2024-06-27,vnindex,1259.09
2024-06-28,vnindex,1245.32
2024-07-01,vnindex,1254.56
2024-07-02,vnindex,1269.79
2024-07-03,vnindex,1276.85
2024-07-04,vnindex,1279.89
2024-07-05,vnindex,1283.04
2024-07-08,vnindex,1283.56
2024-07-09,vnindex,1293.71
2024-07-10,vnindex,1285.94
2024-07-11,vnindex,1283.8
2024-07-12,vnindex,1280.75
2024-07-15,vnindex,1279.82
2024-07-16,vnindex,1281.18
2024-07-17,vnindex,1268.66
2024-07-18,vnindex,1274.44
2024-07-19,vnindex,1264.78
2024-07-22,vnindex,1254.64
2024-07-23,vnindex,1231.81
2024-07-24,vnindex,1238.47
2024-07-25,vnindex,1233.19
2024-07-26,vnindex,1242.11
2024-07-29,vnindex,1246.6
2024-07-30,vnindex,1245.06
2024-07-31,vnindex,1251.51
2024-08-01,vnindex,1226.96
2024-08-02,vnindex,1236.6
2024-08-05,vnindex,1188.07
2024-08-06,vnindex,1210.28
2024-08-07,vnindex,1215.88
2024-08-08,vnindex,1208.32
2024-08-09,vnindex,1223.64
2024-08-12,vnindex,1230.28
2024-08-13,vnindex,1230.42
2024-08-14,vnindex,1230.36
2024-08-15,vnindex,1223.56
2024-08-16,vnindex,1252.23
2024-08-19,vnindex,1261.62
2024-08-20,vnindex,1272.55
2024-08-21,vnindex,1284.05
2024-08-22,vnindex,1282.78
2024-08-23,vnindex,1285.32
2024-08-26,vnindex,1280.02
2024-08-27,vnindex,1280.56
2024-08-28,vnindex,1281.44
2024-08-29,vnindex,1281.47
2024-08-30,vnindex,1283.87
2024-09-04,vnindex,1275.8
2024-09-05,vnindex,1268.21
2024-09-06,vnindex,1273.96
2024-09-09,vnindex,1267.73
2024-09-10,vnindex,1255.23
2024-09-11,vnindex,1253.27
2024-09-12,vnindex,1256.35
2024-09-13,vnindex,1251.71
2024-09-16,vnindex,1239.26
2024-09-17,vnindex,1258.95
2024-09-18,vnindex,1264.9
2024-09-19,vnindex,1271.27
2024-09-20,vnindex,1272.04
2024-09-23,vnindex,1268.48
2024-09-24,vnindex,1276.99
2024-09-25,vnindex,1287.48
2024-09-26,vnindex,1291.49
2024-09-27,vnindex,1290.92
2024-09-30,vnindex,1287.94
2024-10-01,vnindex,1292.2
2024-10-02,vnindex,1287.84
2024-10-03,vnindex,1278.1
2024-10-04,vnindex,1270.6
2024-10-07,vnindex,1269.93
2024-10-08,vnindex,1271.98
2024-10-09,vnindex,1281.85
2024-10-10,vnindex,1286.36
2024-10-11,vnindex,1288.39
2024-10-14,vnindex,1286.34
2024-10-15,vnindex,1281.08
2024-10-16,vnindex,1279.48
2024-10-17,vnindex,1286.52
2024-10-18,vnindex,1285.46
2024-10-21,vnindex,1279.77
2024-10-22,vnindex,1269.89
2024-10-23,vnindex,1270.9
2024-10-24,vnindex,1257.41
2024-10-25,vnindex,1252.72
2024-10-28,vnindex,1254.77
2024-10-29,vnindex,1261.78
2024-10-30,vnindex,1258.63
2024-10-31,vnindex,1264.48
2024-11-01,vnindex,1254.89
2024-11-04,vnindex,1244.71
2024-11-05,vnindex,1245.76
2024-11-06,vnindex,1261.28
2024-11-07,vnindex,1259.75
2024-11-08,vnindex,1252.56
2024-11-11,vnindex,1250.32
2024-11-12,vnindex,1244.82
2024-11-13,vnindex,1246.04
2024-11-14,vnindex,1231.89
2024-11-15,vnindex,1218.57
2024-11-18,vnindex,1217.12
2024-11-19,vnindex,1205.15
2024-11-20,vnindex,1216.54
2024-11-21,vnindex,1228.33
2024-11-22,vnindex,1228.1
2024-11-25,vnindex,1234.7
2024-11-26,vnindex,1242.13
2024-11-27,vnindex,1241.97
2024-11-28,vnindex,1242.11
2024-11-29,vnindex,1250.46
2024-12-02,vnindex,1251.21
2024-12-03,vnindex,1249.83
2024-12-04,vnindex,1240.41
2024-12-05,vnindex,1267.53
2024-12-06,vnindex,1270.14
2024-12-09,vnindex,1273.84
2024-12-10,vnindex,1272.07
2024-12-11,vnindex,1268.86
2024-12-12,vnindex,1267.35
2024-12-13,vnindex,1262.57
2024-12-16,vnindex,1263.79
2024-12-17,vnindex,1261.72
2024-12-18,vnindex,1266.0
2024-12-19,vnindex,1254.67
2024-12-20,vnindex,1257.5
2024-12-23,vnindex,1262.76
2024-12-24,vnindex,1260.36
2024-12-25,vnindex,1274.04
2024-12-26,vnindex,1272.87
2024-12-27,vnindex,1275.14
2024-12-30,vnindex,1272.02
2024-12-31,vnindex,1266.78
2025-01-02,vnindex,1269.71
2025-01-03,vnindex,1254.59
2025-01-06,vnindex,1246.35
2025-01-07,vnindex,1246.95
2025-01-08,vnindex,1251.02
2025-01-09,vnindex,1245.77
2025-01-10,vnindex,1230.48
2025-01-13,vnindex,1235.65
2025-01-14,vnindex,1229.07
2025-01-15,vnindex,1236.18
2025-01-16,vnindex,1242.36
2025-01-17,vnindex,1249.11
2025-01-20,vnindex,1249.55
2025-01-21,vnindex,1246.09
2025-01-22,vnindex,1242.53
2025-01-23,vnindex,1259.63
2025-01-24,vnindex,1265.05
2025-02-03,vnindex,1253.03
2025-02-04,vnindex,1264.68
2025-02-05,vnindex,1269.61
2025-02-06,vnindex,1271.48
2025-02-07,vnindex,1275.2
2025-02-10,vnindex,1263.26
2025-02-11,vnindex,1268.45
2025-02-12,vnindex,1266.91
2025-02-13,vnindex,1270.35
2025-02-14,vnindex,1276.08
2025-02-17,vnindex,1272.72
2025-02-18,vnindex,1278.14
2025-02-19,vnindex,1288.56
2025-02-20,vnindex,1292.98
2025-02-21,vnindex,1296.75
2025-02-24,vnindex,1304.56
2025-02-25,vnindex,1303.16
2025-02-26,vnindex,1302.96
2025-02-27,vnindex,1307.8
2025-02-28,vnindex,1305.36
2025-03-03,vnindex,1309.37
2025-03-04,vnindex,1311.91
2025-03-05,vnindex,1304.71
2025-03-06,vnindex,1318.22
2025-03-07,vnindex,1326.05
2025-03-10,vnindex,1330.28
2025-03-11,vnindex,1332.54
2025-03-12,vnindex,1334.41
2025-03-13,vnindex,1326.27
2025-03-14,vnindex,1326.15
2025-03-17,vnindex,1336.26
2025-03-18,vnindex,1330.97
2025-03-19,vnindex,1324.63
2025-03-20,vnindex,1323.93
2025-03-21,vnindex,1321.88
2025-03-24,vnindex,1330.32
2025-03-25,vnindex,1331.92
2025-03-26,vnindex,1326.09
2025-03-27,vnindex,1323.81
2025-03-28,vnindex,1317.46
2025-03-31,vnindex,1306.86
2025-04-01,vnindex,1317.33
2025-04-02,vnindex,1317.83
2025-04-03,vnindex,1229.84
2025-04-04,vnindex,1210.67
2025-04-08,vnindex,1132.79
2025-04-09,vnindex,1094.3
2025-04-10,vnindex,1168.34
2025-04-11,vnindex,1222.46
2025-04-14,vnindex,1241.44
2025-04-15,vnindex,1227.79
2025-04-16,vnindex,1210.3
2025-04-17,vnindex,1217.25
2025-04-18,vnindex,1219.12
2025-04-21,vnindex,1207.07
2025-04-22,vnindex,1197.13
2025-04-23,vnindex,1211.0
2025-04-24,vnindex,1223.35
2025-04-25,vnindex,1229.23
2025-04-28,vnindex,1226.8
2025-04-29,vnindex,1226.3
2025-05-05,vnindex,1240.05
2025-05-06,vnindex,1241.95
2025-05-07,vnindex,1250.37
2025-05-08,vnindex,1269.8
2025-05-09,vnindex,1267.3
2025-05-12,vnindex,1283.26
2025-05-13,vnindex,1293.43
2025-05-14,vnindex,1309.73
2025-05-15,vnindex,1313.2
2025-05-16,vnindex,1301.39
2025-05-19,vnindex,1296.29
2025-05-20,vnindex,1315.15
2025-05-21,vnindex,1323.05
2025-05-22,vnindex,1313.84
2025-05-23,vnindex,1314.46
2025-05-26,vnindex,1332.51
2025-05-27,vnindex,1339.81
2025-05-28,vnindex,1341.87
2025-05-29,vnindex,1341.86
2025-05-30,vnindex,1332.6
2025-06-02,vnindex,1336.3
2025-06-03,vnindex,1347.25
2025-06-04,vnindex,1345.74
2025-06-05,vnindex,1342.09
2025-06-06,vnindex,1329.89
2025-06-09,vnindex,1310.57
2025-06-10,vnindex,1316.23
2025-06-11,vnindex,1315.2
2025-06-12,vnindex,1322.99
2025-06-13,vnindex,1315.49
2025-06-16,vnindex,1338.11
2025-06-17,vnindex,1347.69
2025-06-18,vnindex,1346.83
2025-06-19,vnindex,1352.04
2025-06-20,vnindex,1349.35
2025-06-23,vnindex,1358.18
2025-06-24,vnindex,1366.77
2025-06-25,vnindex,1366.75
2025-06-26,vnindex,1365.67
2025-06-27,vnindex,1371.44
2025-06-30,vnindex,1376.07
2025-07-01,vnindex,1377.84
2025-07-02,vnindex,1384.59
2025-07-03,vnindex,1381.96
2025-07-04,vnindex,1386.97
2025-07-07,vnindex,1402.06
2025-07-08,vnindex,1415.46
2025-07-09,vnindex,1431.32
2025-07-10,vnindex,1445.64
2025-07-11,vnindex,1457.76
2025-07-14,vnindex,1470.42
2025-07-15,vnindex,1460.65
2025-07-16,vnindex,1475.47
2025-07-17,vnindex,1490.01
2025-07-18,vnindex,1497.28
2025-07-21,vnindex,1485.05
2025-07-22,vnindex,1509.54
2025-07-23,vnindex,1512.31
2025-07-24,vnindex,1521.02
2025-07-25,vnindex,1531.13
2025-07-28,vnindex,1557.42
2025-07-29,vnindex,1493.41
2025-07-30,vnindex,1507.63
2025-07-31,vnindex,1502.52
2025-08-01,vnindex,1495.21
2025-08-04,vnindex,1528.19
2025-08-05,vnindex,1547.15
2025-08-06,vnindex,1573.71
2025-08-07,vnindex,1581.81
2025-08-08,vnindex,1584.95
2025-08-11,vnindex,1596.86
2025-08-12,vnindex,1608.22
2025-08-13,vnindex,1611.6
2025-08-14,vnindex,1640.69
2025-08-15,vnindex,1630.0
2025-08-18,vnindex,1636.37
2025-08-19,vnindex,1654.2
2025-08-20,vnindex,1664.36
2025-08-21,vnindex,1688.0
2025-08-22,vnindex,1645.47
2025-08-25,vnindex,1614.03
2025-08-26,vnindex,1667.63
2025-08-27,vnindex,1672.78
2025-08-28,vnindex,1680.86
2025-08-29,vnindex,1682.21
2025-09-03,vnindex,1681.3
2025-09-04,vnindex,1696.29
2025-09-05,vnindex,1666.97
2025-09-08,vnindex,1624.53
2025-09-09,vnindex,1637.32
2025-09-10,vnindex,1643.26
2025-09-11,vnindex,1657.75
2025-09-12,vnindex,1667.26
2025-09-15,vnindex,1684.9
2025-09-16,vnindex,1680.9
2025-09-17,vnindex,1670.97
2025-09-18,vnindex,1665.18
2025-09-19,vnindex,1658.62
2025-09-22,vnindex,1634.45
2025-09-23,vnindex,1635.26
2025-09-24,vnindex,1657.46
2025-09-25,vnindex,1666.09
2025-09-26,vnindex,1660.7
2025-09-29,vnindex,1666.48
2025-09-30,vnindex,1661.7
2025-10-01,vnindex,1665.05
2025-10-02,vnindex,1652.71
2025-10-03,vnindex,1645.82
2025-10-06,vnindex,1695.5
2025-10-07,vnindex,1685.3
2025-10-08,vnindex,1697.83
2025-10-09,vnindex,1716.47
2025-10-10,vnindex,1747.55
2025-10-13,vnindex,1765.12
2025-10-14,vnindex,1761.06
2025-10-15,vnindex,1757.95
2025-10-16,vnindex,1766.85
2025-10-17,vnindex,1731.19
2025-10-20,vnindex,1636.43
2025-10-21,vnindex,1663.43
2025-10-22,vnindex,1678.5
2025-10-23,vnindex,1687.06
2025-10-24,vnindex,1683.18
2025-10-27,vnindex,1652.54
2025-10-28,vnindex,1680.5
2025-10-29,vnindex,1685.83
2025-10-30,vnindex,1669.57
2025-10-31,vnindex,1639.65
2025-11-03,vnindex,1617.0
2025-11-04,vnindex,1651.98
2025-11-05,vnindex,1654.89
2025-11-06,vnindex,1642.64
2025-11-07,vnindex,1599.1
2025-11-10,vnindex,1580.54
2025-11-11,vnindex,1593.61
2025-11-12,vnindex,1631.86
2025-11-13,vnindex,1631.44
2025-11-14,vnindex,1635.46
2025-11-17,vnindex,1654.42
2025-11-18,vnindex,1659.92
2025-11-19,vnindex,1649.0
2025-11-20,vnindex,1655.99
2025-11-21,vnindex,1654.93
2025-11-24,vnindex,1667.98
2025-11-25,vnindex,1660.36
2025-11-26,vnindex,1680.36
2025-11-27,vnindex,1684.32
2025-11-28,vnindex,1690.99
2025-12-01,vnindex,1701.67
2025-12-02,vnindex,1717.06
2025-12-03,vnindex,1731.77
2025-12-04,vnindex,1737.24
2025-12-05,vnindex,1741.32
2025-12-08,vnindex,1753.74
2025-12-09,vnindex,1747.17
2025-12-10,vnindex,1718.98
2025-12-11,vnindex,1698.9
2025-12-12,vnindex,1646.89
2025-12-15,vnindex,1646.01
2025-12-16,vnindex,1679.18
2025-12-17,vnindex,1673.66
2025-12-18,vnindex,1676.98
2025-12-19,vnindex,1704.31
2025-12-22,vnindex,1751.03
2025-12-23,vnindex,1772.15
2025-12-24,vnindex,1782.82
2025-12-25,vnindex,1742.85
2025-12-26,vnindex,1729.8
2025-12-29,vnindex,1754.84
2025-12-30,vnindex,1766.9
2025-12-31,vnindex,1784.49
2026-01-05,vnindex,1788.4
2026-01-06,vnindex,1816.27
2026-01-07,vnindex,1861.58
2026-01-08,vnindex,1855.56
2026-01-09,vnindex,1867.9
2026-01-12,vnindex,1877.33
2026-01-13,vnindex,1902.93
2026-01-14,vnindex,1894.44
2026-01-15,vnindex,1864.8
2026-01-16,vnindex,1879.13
2026-01-19,vnindex,1896.59
2026-01-20,vnindex,1893.78
2026-01-21,vnindex,1885.44
2026-01-22,vnindex,1882.73
2026-01-23,vnindex,1870.79
2026-01-26,vnindex,1843.72
2026-01-27,vnindex,1830.5
2026-01-28,vnindex,1802.91
2026-01-29,vnindex,1814.98
2026-01-30,vnindex,1829.04
2026-02-02,vnindex,1806.5
2026-02-03,vnindex,1813.4
2026-02-04,vnindex,1791.43
2026-02-05,vnindex,1782.56
2026-02-06,vnindex,1755.49
2026-02-09,vnindex,1754.82
2026-02-10,vnindex,1754.03
2026-02-11,vnindex,1796.85
2026-02-12,vnindex,1814.09
2026-02-13,vnindex,1824.09
2026-02-23,vnindex,1860.14
2026-02-24,vnindex,1867.62
2026-02-25,vnindex,1860.91
2026-02-26,vnindex,1879.64
2026-02-27,vnindex,1880.33
2026-03-02,vnindex,1846.1
2026-03-03,vnindex,1813.14
2026-03-04,vnindex,1818.27
2026-03-05,vnindex,1808.51
2026-03-06,vnindex,1767.84
2026-03-09,vnindex,1652.79
2026-03-10,vnindex,1676.73
2026-03-11,vnindex,1728.34
2026-03-12,vnindex,1709.61
2026-03-13,vnindex,1696.24
2026-03-16,vnindex,1693.21
2026-03-17,vnindex,1710.29
2026-03-18,vnindex,1713.83
2026-03-19,vnindex,1699.13
2026-03-20,vnindex,1647.81
2026-03-23,vnindex,1591.17
2026-03-24,vnindex,1614.77
2026-03-25,vnindex,1658.19
2026-03-26,vnindex,1644.63
2026-03-27,vnindex,1672.8
2026-03-30,vnindex,1662.54
2026-03-31,vnindex,1674.49
2026-04-01,vnindex,1702.93
2026-04-02,vnindex,1694.82
2026-04-03,vnindex,1684.04
2026-04-06,vnindex,1674.99
2026-04-07,vnindex,1677.54
2026-04-08,vnindex,1756.55
2026-04-09,vnindex,1736.68
2026-04-10,vnindex,1750.0
2026-04-13,vnindex,1758.96
2026-04-14,vnindex,1775.65
2026-04-15,vnindex,1800.65
2026-04-16,vnindex,1819.83
2026-04-17,vnindex,1817.17
2026-04-20,vnindex,1837.11
2026-04-21,vnindex,1833.48
2026-04-22,vnindex,1857.3
2026-04-23,vnindex,1870.36
2026-04-24,vnindex,1853.29
2026-04-28,vnindex,1875.84
2026-04-29,vnindex,1854.1
2026-05-04,vnindex,1854.06
2026-05-05,vnindex,1874.85
2026-05-06,vnindex,1891.2
2026-05-07,vnindex,1909.01
2026-05-08,vnindex,1915.37
2026-05-11,vnindex,1895.5
2026-05-12,vnindex,1901.1
2026-05-13,vnindex,1898.37
2026-05-14,vnindex,1925.46
2026-05-15,vnindex,1921.6
2026-05-18,vnindex,1927.94
2026-05-19,vnindex,1912.93
2026-05-20,vnindex,1913.23
2026-05-21,vnindex,1896.89
2026-05-22,vnindex,1877.13
2026-05-25,vnindex,1886.03
2026-05-26,vnindex,1884.18
2026-05-27,vnindex,1874.43
2026-05-28,vnindex,1863.67
2026-05-29,vnindex,1863.49
2026-06-01,vnindex,1844.54
2026-06-02,vnindex,1826.47
2026-06-03,vnindex,1819.01
2026-06-04,vnindex,1831.55
2026-06-05,vnindex,1838.9
2026-06-08,vnindex,1790.53
2026-06-09,vnindex,1793.05
2026-06-10,vnindex,1803.71
2026-06-11,vnindex,1798.61
2026-06-12,vnindex,1791.65
2026-06-15,vnindex,1799.31
2026-06-16,vnindex,1807.94
2026-06-17,vnindex,1806.2
2026-06-18,vnindex,1830.47
2026-06-19,vnindex,1824.53
2026-06-22,vnindex,1857.91
2026-06-23,vnindex,1869.04
2026-06-24,vnindex,1878.02
2026-06-25,vnindex,1863.07
2026-06-26,vnindex,1871.91
2026-06-29,vnindex,1854.97
2026-06-30,vnindex,1860.01
2026-07-01,vnindex,1867.21
2026-07-02,vnindex,1866.35
2026-07-03,vnindex,1862.08
2026-07-06,vnindex,1843.5
2026-07-07,vnindex,1848.25
2026-07-08,vnindex,1853.7
2026-07-09,vnindex,1840.7
2026-07-10,vnindex,1828.34
2026-07-13,vnindex,1800.54
2026-07-14,vnindex,1806.63
2026-07-15,vnindex,1782.12
2026-07-16,vnindex,1804.24
2026-07-17,vnindex,1787.45
2026-07-20,vnindex,1743.51
2026-07-21,vnindex,1730.56
2026-07-22,vnindex,1668.53
2026-07-23,vnindex,1699.38
2026-07-24,vnindex,1686.11
